id,createdTime,Category Name,Status,Created Date,Subcategories,Solutions,Taxonomy Version,Last Updated
recL0YYzJkzLRAX9A,2025-01-28T07:45:59.000Z,Economic Resilience,Active,2025-01-28,"[""rec6pV62iy82FcoXQ"",""recUR7jWcCKUzEvVH"",""reczVyDnNmmkGgSYl"",""recbsaD38KFw9ZZFu"",""recA3JJvRva9S4g6r"",""recy38TMC7fbU7tv4"",""recK2moMsZTXfYuIH"",""rec54eCPL6Zob5vOv"",""recd3XqR3Yfejko9w"",""rec97hpNS9tFrlZ1c"",""recUgxqUikiFmQhUQ"",""recTFLyLanVIKIb6n"",""recXH1IPUUhQTqQrV"",""recvfb6fClTPYs871"",""recODqaRUgJkgHfNq"",""recMaDWc8Tltlq7T2"",""recUVcQw48oLFLqvl"",""reclnlhgqeqczyKmO"",""rec4UKXLVwc1FR9Dz"",""rec9XOkbFYOz5b0hB"",""rec13uEWUoFHzSUVM""]","[""recGhfHT3uTWmIroV"",""recWfssHCfGgFD4XV"",""recbOWTysGPkgk9rY"",""rec8cYmau4RTFn0l6"",""recrQljjgpKK4XtJ5"",""recJ2F3BKQHpfmA9n"",""recO9FqQTyTBdKD6O"",""recKd5eeuUOWPh2F4"",""rec5V5NA1291HGJOb"",""rec7RWLzNWQzXEAYa"",""recx9YI3ZFTRZOPbV"",""recy2eP6cRjArFmnk"",""recLtzmNHI3IGRLc5"",""recWaGcgbfLws5Mkn"",""recE0kTGksNsV5mqd"",""recGhv1rnwPzA8S40"",""recKilTztehAk4RpN"",""recodqcxiqmdRpNAr"",""rec2BevwnDHd96lPp"",""recxZRxFIVYu6bbTm"",""rec2GEWoKffcgk0Az"",""receHVRO7Fde4dBt0"",""recHzRFdtj56JSChf"",""recRqScp3FLG6ZRhK""]",V_01-28-2025-00-00-00,2025-02-09T21:43:29.000Z
recW69WCUlbIveX6W,2025-01-28T07:45:31.000Z,Infrastructure Adaptation,Active,2025-01-28,"[""recv1aklvJLGJkjvA"",""recSTCTDKDzkbPQMB"",""rec8LQ3UtGG9ODKYb"",""recHeZGpmci0idkGm"",""reci5KQXDB9XZZCSw"",""rec6Fn9JFMwpnHScC"",""recIDzn0k9xfuEbyf"",""recPIhqiBtTKuqDFM"",""reczmtWeMygxR90ac"",""reclRebuZYLW4exua"",""recbuTDYNyxqQx5We"",""recwOPcLrYgClUxKi"",""recjAqq1Xfbjwo7kX"",""recmVSeDQO8daIeCV"",""recgoWOsPlSRHtvnh"",""recFsj60LdN88oQR2"",""recPgqH9p6xMkrmct"",""reccklqCJDA3Z6k9Y"",""recGpzdmqDuDJVSUN"",""recyAc0LSOGC52bSA"",""recwWw58VRFlgZXN3"",""recbM0jpqPGUyVxk3"",""rec6jar28vdxQjSfU""]","[""recNqGR61oPeIJCaU"",""recAhRZ4K2jAt6puF"",""recaYX3onAQF7fRCX"",""recoMZ288tSuStZfy"",""recvcJZaJlGrQqE74"",""recGCGOj6s6I861zn"",""rec0X0TObvEa8uBQP"",""recokMSQ636Hr1EKW"",""recRppElGXgOq3v82"",""recBifngBggwyMMNL"",""recbDkbiNk3Jx3Y0U"",""recclJ3fcbWXJFEYv"",""recQNvlddssoqL7et"",""rec7wemjuv7UdzmmZ"",""recC3MByqVvJhmyS2"",""recrbNLpv144BqS9U"",""reckpxp76CwH3XDwG"",""recKbFTRGXdekH9UK"",""recoslyTxYOFJ4qxl"",""recZkyTF8AgO2vFc2"",""recCbWtdXnS9fNNVv"",""recaheiz6m4h39nMQ"",""recWltyK1owOXVeCf"",""recgJGVtFYIj98JID"",""recf0kc9UrGuy8OsL"",""recR5onlAm0fFueN5"",""recZgmrtXKHuZTtCM"",""reckwvIvLaW9VsYt6"",""recerskgcLKlXZjLq"",""recrShYdqkN0w7WKY"",""recOQI5M7pHh8OqkF"",""recFCL9T3vX32Hkxq"",""rec45miuyKi4Ya5Nk"",""recL0nhAM4vq9Md52"",""recLnrDd1ekKUta9y"",""recyi3JdtrW7c6Ipg"",""reci4mA04zov12xja"",""rec1ORO1hY6FJIuua"",""recb59KzwcD0p8L3J"",""recqvktjFvkuLn4qK"",""rec0Vt4MxNUvB4IPb"",""rec5wyOz9mUq90yoC"",""rec7OOfYPfUmK1tHk"",""recdea0I6BxAK1tjV"",""reclMyg0Xyex7PxnN"",""recTVC7EcSqStXHCD"",""recZrxldcoQWS8bQH"",""recbz72FDZZjphGFi"",""recfLnHqNhz3UOu7M"",""recCoXQRV6kQnFhIX"",""recCTigEBfQca7sEC"",""rec4IMIvy27vNr70D"",""recx4g1gFo6wMpkPZ"",""recHzLBekxVnRqSnG"",""recOizwRw3BmeeOuc"",""recRZHloev3lq3zLN"",""recUf5hthvrSkmkE8"",""recVruu1lFKYGKUdn"",""recti0tW9XklJvoNp"",""rec1Ry6tDg3DTU1bk"",""recg8Np9SS7vJRPwe"",""recwO2CTaukXCCkI0"",""recG3apoMmBchEJ0j"",""recmKu9JiuXtwkoqE"",""recoDdshWOLqIg07b"",""recgA2Hav9cRWbeGo"",""reczv8aL8Y5cckP0Y"",""recFoKZaaNPcZ5YPp"",""recLQZlngL5Cmv84c"",""recSTQhqjrIvI0sek"",""recMR76ETKGH3fG3D"",""recttbtCSyAiwp6Pk"",""recYrqbEAkGrBGHEJ"",""rec9CDuIMTfggZ6uP"",""recaspgkxS2fVMFPI"",""receh3uOYNxGZGetn"",""rechL6HbDsktyWUR9"",""recBDmJ2tSxKADN4y"",""recop9aR6py5SxtyO"",""recsyQdjhMoRfeP6Q"",""rec7tj44wUVpVdyPr"",""recsnyQZKhQsup0ay"",""recvKqPvdfeRKDLJx"",""recXd0Tfk6fE6I6uG"",""recZyF1kLtDfLVPIt"",""rec0YuCswe5yVZN5U"",""recfoMv2jTjaF7pnS"",""recGNoZ3lDSLxRktF"",""recMNojl3F3yVShK1"",""recO7IYjzw4jtI0RH"",""recSgc0CEvO7sNLru"",""recnuVznIhpcuUstx"",""recs0IhHCtdQupPua"",""recs3fOeUfc9J7jK8"",""recCq0E1fPJvkGmBJ"",""recIdvdTUm0Vnn9FO"",""recM3bcRIIsnG2yr3"",""recnXXk1NGW7jGHey"",""recn2pU68eiJ2edZ6"",""rectoxmnC1dP11uTQ"",""recePfy1jwE5Yhpw4"",""reci1M7iNJifDmNpJ"",""reclW5OHnpe0taE3R"",""recHw14BfIxzfsTm6"",""recSI6tffRJHtBnIw"",""recaC85moQPfcwPMc"",""reczFkjarWpDWa969"",""recY4KjdiXKG5hkgx"",""rec6fRoKlhbF9V3zY"",""recmbJVudLwb4v1A6"",""recomH998XF6IbcbJ"",""recq9ofXw6jklCt7C"",""recudieIbVFz8GnIq"",""recvZs7uLioVskZzD"",""recYXP5O1tFiOPDNC"",""rec0tLWbt6QFzEwLO"",""recac4q7mANFnFu56"",""recyAfxRzbEtt7qVd"",""recF1WFgiUhiE7BFI"",""recF6ilOffA6IkzyX"",""recKwyscXNGRNSelP"",""recK0XLwxffBiIeih"",""recVqktRLsrAjyhMJ"",""recrN6OT8Z8yIokPH"",""recYaaTZFEMmHeo6I"",""recFnMwtG6jB8fqur"",""recoYs0ZiUhwfQ09y"",""recpn3qQwooCkiJVR"",""recqOTWyooKWj8Lln"",""recq3MgLBXa4Zp7Sd"",""reccZ5RX2B8cDXoey"",""recQ11oSQ1VyADqQC"",""rec7dYQGQtaMhlkw4"",""recMtySuo1HVJnZrX"",""recMtYuAeZykNrQPi"",""recYPfoaYAs4fVPHc"",""receyyqhUzmTNfpuF"",""reclVAHl5o5uDEok0"",""rec13iXPgfAVPJB0i"",""rec4KjBFr0rqJYY2X"",""recdhuFBzrUY7ZNXD"",""recjc3Rzd5UIGuAft"",""recyIWYtQ2qBiz51k"",""recHmB3dCH0nX6Pzh"",""recHpRA42W8qWwqK5"",""recJ22WRPLkyr6V5d"",""recKyjlorfdkhcIx9"",""recOBhb0pGlRSHdEQ"",""recVLW9rNOgxgHAtL"",""rec0lcwfwmr20pq3p"",""rec5wZDaJqDgch7IA"",""recPi5jZvS0bEGK9U"",""recPvuacyDKL76CcG"",""recpZbpx9Djjj8HtV"",""rec4NnVt1K9VjhB7j"",""recax0FPcN7fkZDhV"",""reccP75UGyOgOXihP"",""recPjrQGDSCiMmcYZ"",""recoI8jnKlg8tKZUM"",""recv2b1tRedCZXXPp"",""rec2r6GDr25z3MTxw"",""recaAv0AM2yVvd13L"",""recdcc0uCppnyyIVK"",""reckhXBlN1xvlR6FJ"",""recxPWbzAamHDZXGJ"",""recFHg6mb05TcUTjc"",""recvyQWmbzQhwfrny"",""reccs7lSmTqMrFHfW"",""reclGcg4NlNisAUoz"",""reczbAJDfZ3FM71TG"",""recRTQ10hre4279Pm"",""recuMgXKGOOVq02VQ"",""recWmpQJepn8mEWEc"",""rec3wEQtbdkKK1pfz"",""reca9Q8MdUzKtTCTE"",""rece0Gp0SMglBpPVI"",""reckYpICUi9tdWYQ1"",""recwEwrbK4UJgkR5p"",""recAMhbotRTBYBWtd"",""recGIqXXMGpqEV3Ro"",""recP1honWH9YIMe0n"",""recP82F4W4U65yFzr"",""recbESWvuYjNLjKdb"",""recyx1Ex5WjV8t4iV"",""recJyos4FosIQObKy"",""recSPVeg17Iu0RK8y"",""recS1S2Ity5AdEYCI"",""recrPxuY6Vqwlrksy"",""recWkgDScpC5eUUa6"",""rec5x04cD3JPk58B8"",""reczLTzD2zq8AA4Zq"",""recC3InAD3CdJO0KH"",""recDzhx5DL1zYcBuf"",""recM7bMzmlshgLJjA"",""recUtF6MWoFgPqALK"",""recuTRFWjP0BEv4Kv"",""recdORXa1CQlU1iJE"",""recx5L76xOVj2bpLl"",""recZZg3mNZuACnVAH"",""recg5lD1WsmBXZw3g"",""recjzIHCzQ9iffBfS"",""reclNTvJei34GIHxP"",""recU2NOnGjXKtBiw2"",""recu0U8JQqiFIQ2Ht"",""recWmq2ShNsiUAOGp"",""rec5c5q6qVCfOztls"",""rec8QmOlNy5uRnk6W"",""recjScz1HA3fISnXt"",""reclY5teDTkgCWQiw"",""recxXuUdMXXqrX25H"",""recFsnBW3N8urWGij"",""recUAsl7oI9aVBVJp"",""recU7iF7BiFEz7kXp"",""recVau6XaebYRx5yj"",""rectMmDGI9JeYW1Z7"",""rec9KGlVV9AeygsJx"",""recbkYQYKdwiZNoya"",""recSzUkStewqUsAke"",""recmoFBmo5Pl3EAEj"",""rec8PACAm4MzGgO2y"",""recvdWwYM7B0HLGnB"",""recrx2ecxOJCD68iX"",""recH7aDumlWrZ0C2K"",""recIbDrLsVbnKcSs6"",""recNTBmMZJTgp1iy4"",""rec9wSatQEd21CIFh"",""recwwMST4Ayc0Rmyy"",""recBe8tMDnFsf6x0D"",""recna9tFjRxVulqNh"",""recrbNOD5n54AxjjS"",""recum6S8TZNErGZ1c"",""recg0vGMEh0kNpJMf"",""recO3p2Wk6lLtRZkN"",""recUAydtA1nWhWp7N"",""rec06fthCkIdUwgOY"",""rech38Guv8yHvblYF"",""recGbGcaZWYoJ1tYL"",""recOerFRHRZuzZTUt"",""recQPnG0pgeaKFPEB"",""recUBVnYHxCuYwwLk"",""recuaJ5YvWoD8VLdV"",""rec4AJbr0k5yubtlv"",""reczcohxDEwr3ZIfG"",""recNbE44Fd9AcAvJH"",""recOnFBCeyUYnvQVn"",""rec0hI1Ul2t66hO3p"",""rec04BHIRP3hOJWsO"",""recMr6NjPUQFFJnXj"",""recNDGZRIUvv3I9n0"",""recRSDT2OJH2kTX0d"",""recTAiTz3YyCk3cNS"",""recUQqkrx0EOa8l0i"",""recmyA0B02W3ShjFW"",""rect6QJc1e7eFICPz"",""rec4p8roFTjkUBh3z"",""recbgIgjCz2kgExHQ"",""recgVKPUEFEqwFy38"",""recy9HucbFMNAEY0L"",""recEmCZzYefsEVeZk"",""recHJaydbE33ogwit"",""recJfYokX6V1SrVUu"",""recLobxXVo7G8FfvQ"",""recLOusHrn22swPcy"",""recPsIXxWYOqAbS6b"",""recTcvN3IC31JUntD"",""recnQxtMTj6HdbzoB"",""recuOYJzjakuz8UxL"",""reciTqsRxTH8XB9U7"",""recxeGIWiZ1q8ZQLv"",""recJYXffxiBlitEW4"",""recNQxVhWGnXNExsS"",""recT1QKN7hmWKaWql"",""recmbYvYtZ7ZZTw4i"",""recnGCJRBcfKiam7L"",""recYA0muLu1RYrHO8"",""rec7wS4wx1UUDtDaF"",""recjj1TIbWVlUBVOy"",""recFd7dQGLVyBBfYJ"",""recLMysOHUgrFjETV"",""recNDSEnTXO41MZXi"",""recR0cJSRNPkDB77U"",""recSVekNjXTnFAnu0"",""recTX2knFEetpQMXq"",""recUo9JAzFLa9VogL"",""rec7YfRNhmfDaNfz5"",""recMvZCkoweRmbFdE"",""rec7Fg7VqAldV3sA6"",""reclfPmRVrZFkEZaz"",""recBDxzpAuBgVcDg4"",""recINuwGtqKFRReeu"",""recptRxjZb6m1wPsa"",""rect5BBBY8gsTDEyI"",""recJlGwgCpol79dmA"",""recMf5BBb6r8T07qd"",""recmPkpjmDRFSxXZ6"",""reccaAmTRh7YRuVGm"",""reclraMk2UmL9ykmH"",""recDZs7F4HzrQjzcp"",""recp0ORiIJcm6T1zU"",""recXNyn53tPv7Sa4w"",""recxAUc3uL14B2as0"",""recA1qRrw20DdTUlm"",""recB9QDLecYBgWgz5"",""recCvrJkTcqhvJ9YC"",""recKNWoFyE0EOgR0R"",""recnZLyDAC9N10F7P"",""recq33aW6Yt4OqQeL"",""recYUTGhMMzISrno2"",""rec1D8BLF2GUs6gyx"",""rec285cOmXyLs4ndc"",""recb2lGC9c7vg1AnO"",""reccFIbzY6fnjAEjC"",""reckfXn6acERdWeGy"",""recxvike40fDkpSfv"",""recDx66OuFsvg5K6C"",""recLrD3csnSBIWuTg"",""recLPbx8t1UlAAW5s"",""recmK5qZYGsr7QUxV"",""rectUgJO4jVpHzY6n"",""recaKsFq6fxpQUXRp"",""recdAE7PxVKro9jxC"",""receyQJdDaJ8roYHY"",""recfHKkmDAyiKnhUC"",""recwkBz2cluG0naFU"",""recGqa559DUy3dzci"",""recNeCpC6MKeC4N1o"",""recS79D9zCTfhMZCt"",""rec5iPZFJ16s1HGoj"",""rec8KG6UPEfh8dqM0"",""recEqKNXyzuKVf2Py"",""recQ5nO2000UfgWEv"",""recU1HcB9m7GOl68o"",""recqmpofkQfgevKcr"",""recWxxL3FAAACHW1e"",""rec1RVRIpFlbqs31s"",""rec2lCmjfL418bK1W"",""reciQjf6zpx0yEMUa"",""recwRBJypNfwkT8ue"",""recCfKbwamctaP3ga"",""recFL3l8fcUJs46Ax"",""recLsNbnT39ebMgYQ"",""recQdNp7ucDYtCMIX"",""rec9PYDb3NbOxj8Lp"",""recp9b2pSnFXLVe0A"",""recIfMy8DAW0iJsiA"",""recZiFyqoDAFhSCUe"",""rec4Mo9bLtzYAnzEw"",""rec5ElEqKv6yQ9lxI"",""rec5lsUl77ay1JBNm"",""rec6T8S2ZzOM15kJF"",""recb5JDkQVBzkrwOb"",""recjfaAkYuffHuEGw"",""reck6bx0yMUpua55h"",""recyr583PGCK1Nqyu"",""recElHo3OvXKqP53P"",""recLf9VbTACnYjgEs"",""recMJn93I4zKc6g9H"",""recN4C74k81c9YJIz"",""rectKtVwG247UU6o2"",""recZ1BhIPQUdK5h0j"",""rec30aAtZXt0srOfQ"",""receAxL52xqmJSvNS"",""recT9n3voTenzpeAA"",""recagfH8It5rgNEGR"",""receHp839R6tXnssU"",""recPrCeiHRbKnuLb8"",""recjbMgNXZMK9Sq9J"",""reczWqh58CRtiolTC"",""recsuKdgJY0uPNXwO"",""rec6WI9cDKOXdv3uP"",""recHYSOc3I3YsTYKy"",""rec6clLcg516wao3p"",""recdQYboaBA8TOXJp"",""recAJqVNaw1mQ2iuR"",""recKzm9GkNlNY1UX5"",""recvyZtedxJzt1Upx"",""recTg5nxae6EbHrMD"",""recIHBBGDFL6uhIfa"",""recnsDQvwpJKvALmA"",""rec1RqHfcOvAuyMxn"",""rec12CO2FcYXEkYoW"",""rec43JhroGxSN08Gs"",""recayqId4OHtYmdLw"",""recFdWnK4HVht6pMg"",""recPgD9gjmDLLpxtX"",""recRj96PWjH9JNkKy"",""recdVb4QIA6ELC2Kd"",""recDuv8MH6GVkSdA3"",""recpYRMGHO9dLzsuG"",""recDGEGl0Cur7yZ0T"",""recQODO5knTwTAuk3"",""recRvRNoMtLnnsXMD"",""rec0ymfY87iUzyRad"",""recF4edpqhyJ7Yf61"",""recBooPPVjYK0HeFi"",""recc73M5MStLJ8hwc"",""recgMvuqhhbeHJzDr"",""receNxMg9iWchxt6p"",""recm6qRO7bBjJZkFa"",""recskDG4onnSoglW7"",""recvSpWAkrxr88sh3"",""rechwYjYyi497k3eX"",""recE1ttGbKcoj9qmb"",""recFwFesP8vokrZvb"",""recLwS6OO6f4BoiAu"",""recrppGvZMXe94PgR"",""recDdGclLqqJO9kgS"",""recn37DRe1lpr7vbm"",""rec7sG74oAysSiHwk"",""recPSYvjZP7QmlOsq"",""rechVh8M3oxdLX62x"",""recCNapLxj66XENiX"",""rectSoHbsCaA5dUGT"",""reclb9o4LRHA5F3hj"",""recCeWI0e0XVd2Zvd"",""recPpDm4PITHPxAbO"",""recSLQEGZpmSF5yvV"",""rect24zYBnQd99v0d"",""rec0Z8ULBfBMb4k1J"",""recby33O1Bj59KZYs"",""reclJeUr4TEBwvo3e"",""reczPSrHLUEHAGpoI"",""recIDqaTjx98O6Kqi"",""recOKtJGptnWEnIkD"",""recXxcfE246hp4EQx"",""recswxsWiKGLO3OZf"",""recszppJfLIK8x6Op"",""rec09pRxaC08aXn1j"",""reccvhFNrP7WhXuOf"",""recesL3wEI2Pv5vSP"",""recEH50GYOSRSw3qq"",""recFss3VWz6y2lrAj"",""recMFXhZ7ChsNBooo"",""recvAgIe2qzBanJwP"",""recXtieRIkG7d5H6j"",""rec2CN9KumWBzsEoH"",""rec751ao4jnWtvkSH"",""rec8pANzSVMReaPij"",""reczxBo0WpckpMwLt"",""recGGi6GgKLUIeRzZ"",""recIrRifK8twk4AKz"",""recLmANB6DLWfHZuF"",""recLmavkfl1qu2KiZ"",""reco8V84F2smdU4BG"",""rectpdavpapxqAcio"",""rec2RnkYmr7qzeP7p"",""rec5lOGdfSFTEQhVO"",""recxgnoUAEGbjLqpT"",""recFt0DgggT9FMhKD"",""recHjPHFYuz3vGFbA"",""recMGSMeMprqiCJtY"",""recOumJYbufSkDyAW"",""recoD30Z5sJyb4djV"",""recljcW4jtmsAHOYd"",""recDGD57a4uQHJHv6"",""recF9bDMIesr0sJ8D"",""recMNXrK1UjY3OVRp"",""recQeXssEX9yFoTxl"",""recnIbhAmx1RgDK2r"",""reco4ubI0LxIQTCTt"",""recpPN8mYWaJgtc6M"",""rec1o4Y0H3AG8PfNR"",""rec5Nsq3OMDK9hQh0"",""rec5PPMBC43gvjTqj"",""rec7VEYArrFFk52nC"",""recdPKPy0nDMI9i0p"",""recwoxjFBBe5tjZTC"",""reczgogab4jSXYXx4"",""recEY0Mj5GVfDlepr"",""recIaZyiRrnCUmW8z"",""recM1qRMipNhIbPuK"",""rec4rY5IBY5jEeOiE"",""recaA3TGys6decOJc"",""reccjK9SOdH1aFgFq"",""recOneZuPvpIWmkvx"",""recrFMR7NnHDpzOsv"",""recvWBGDHvamL1bm7"",""recYwwpyjTFxyyiYt"",""recZccv0JHGnNWbpX"",""rec1rXqtJQrnQzB55"",""rec51LPY2tyPxLWe6"",""reccuXanSp7X0OL2b"",""recdY2XlF7mgXBphA"",""recgcBUFuN3VtaFbK"",""recjoZxcwAr0hPsO7"",""recyv5OktdnqWXTOs"",""recAb1uopM5AQp6eo"",""recCVnmfOY59v7c3J"",""recDKA29HUqgf2BXV"",""recKref0Noi53F5wI"",""recNQtjfcNt5dTuqL"",""recQotT1CwNnteeM1"",""recqRYuLsxz8te3ne"",""recWtP6Y4pRVkKeJO"",""recwftHTdZuOlFNpx"",""recNmg2LJOvkwRWiy"",""recUu2xcvtL3RleXW"",""recXVK2uSOIcTwWfG"",""recnnk1A9tKF7YOrz"",""reciqYr1DO4lH36ea"",""recwzdd7UmJmt61Ct"",""recKTDIZucoSTkWvN"",""reccCykhIooae6FCg"",""recDCa9Y5M1vfwZjO"",""recHmObZYzmgtlV99"",""recouY9tpZixVuvP2"",""reckzV1KfzLNCt47E"",""reclDFyoyeqbtVHIH"",""recUsCdT3zY41lKz8"",""recUtX7aSIXMxHG1G"",""recnbHmzSd6OcU1Em"",""recubLlGel2Rz6ZKv"",""reccQgf8vl9nnI16K"",""recGBGMt8onynYDRc"",""recJRneRGF3Zia3hz"",""recO3SzjSSGWfozCq"",""recQy5KXIehroS1LV"",""recu94CkX8pcWTI1G"",""rec8ttDEixqtFAp8f"",""rechHqFxUcLNqCeI4"",""recy0NwEOFRRMXCSK"",""recEL2eZMNw0DocuN"",""recLZyCPI3Vf8jNOq"",""recQ22jXEFX0S3KWY"",""recpjjMgolflbbuIV"",""recumQ2Tb3gKRtL8w"",""recY2caADdn5aJIep"",""recZM8mPrO9EIiQSm"",""recZcmfCVOKRjgYvL"",""recefDn7fPLFjZ8TV"",""recfCZT0kaTSNkvvy"",""recRAYMexYcO0Owia"",""recngI5KVhF80yHER"",""recoE1S51RqC7G2xn"",""recZjW8vfF3V7wjsg"",""rec6rZbudxZ44dq3c"",""rec6TVTgfYvew9eAw"",""recekV77GAEBcMs2c"",""rechz5fJ3IqidX0RR"",""recKHQuHDOY8tspc4"",""recVEGrsMHHuG4Psg"",""recp08wyqekax1XDl"",""recAwfKkcpzTHvbxp"",""recERbpFeDSDqd4cG"",""recJMR3sqWF35vKeh"",""recmJy6qoh6hkInxP"",""rec16Ybnx8gdzVUrZ"",""rec6sfIi1BXGj4FWb"",""rec9omNzNQkGq5R5y"",""reccA4mc4AFR5Ir1v"",""recBlFuVKlyJciINE"",""recIFvfbexnVX41Qg"",""recpb3L2KZqBEzK4K"",""recYoKn8rMrIJFDmT"",""recZhVLtnIQRbEhnT"",""recZXzsn0lXMMrZeO"",""recgQD7hz4a6C5HyM"",""recgYnTumjLlPGa3O"",""recCTQ0Np5K9ZrLlL"",""recPkew3gAbDYGyP1"",""recVrFHZwgqH8SduP""]",V_01-28-2025-00-00-00,2025-02-09T21:43:29.000Z
recZlMwcic72dQQ2g,2025-01-28T07:45:27.000Z,Hazard Monitoring,Active,2025-01-28,"[""recGAkb4Pp2LA6HoF"",""recCyYcu2OIhjs9Aa"",""recNOHBBQVSRx1xpi"",""rec7yCGu70fCVrsHO"",""rechJA9Dut1fHNLHS"",""recqFLsJRhgvfAVe9"",""recHY7s0g0T5ebwB5"",""recxCB0oUUfKTy3s3"",""recy5ZlmQYzSr0XuG"",""rec60KgEEGSkpQ0yZ"",""rec1FN2bL52d8k28e"",""recMxASM61CAWebMx"",""recEwVK094oGTVF3U"",""rec6tktRjSfvkzubD"",""recujyzKt6btCzx22"",""rece2eEmmbRHT7TQC"",""recQz0FAhvQh0GSIg"",""recFaYH0x4YajtYMl"",""recIn08QjtUy8BOFE"",""recUDoLvQ9jHOJg0x"",""recFcN5z4VbRkqv0c"",""recGYbMY6ToCNmsUA"",""rec1MlXogTuV3dRlg""]","[""recJf6QC7z55cRbkt"",""recUPtIdL8IslBe6U"",""recfaacT5wffZ4K8V"",""receQyRT5L7Rx3ESu"",""recj10F0KfvfGvhiy"",""recL5koUCSpuYkAA3"",""recPSknQczw1VWO4F"",""rec7VYwJiEUCbFYMB"",""recWjGulkdRncArsS"",""recZNhDmIcOMFA1XM"",""recbzwtcu9yzNxCr9"",""rech0NFWxu65j47BU"",""recLUPFptTm8taiR9"",""recpZJ4Aogyg6iA0n"",""recrvb4kUKQIMslps"",""recWzrjdObrJHVtLq"",""rec00h3V34O4xzf8v"",""recj792rB4MVFiuys"",""recoOqsFFz2POcWwg"",""recRhulna06druxMO"",""recHzhTlowOwGVTWr"",""recRo0ikGLlMuiUQE"",""rec7rkEqEu7Vlspnj"",""recwk4QBcH1GM7d1s"",""recwxNrjnqWJXii6M"",""recxIbNGLl28JlQ9b"",""recAbOgdt3hCcbqMW"",""recDGujSBLQ64fPbq"",""reci3x99XnyBh0MMR"",""recDZ7Nxbpu0vOzFs"",""recZlblMpARmFKXhu"",""rechdPnzhUcvgSWoR"",""recHAi0DAzBRyr7JL"",""recRsQuhnJ0ZKWRLv"",""recT8jlZAXh5gOu2r"",""recKgTRcuu2In5HCY"",""recOfGAuX7DeA6Q2Y"",""rec6Yc79FodLBcjOh"",""recg4ZVifrRId1JN9"",""recl3ZvWcC7ZPtJAF"",""recPuTjCW1brjMINX"",""recraVi4c9BKQwkYZ"",""recds434WEC2OzB9r"",""recfaTQd7SOpiJPdR"",""reckvvRQ445j9DMzN"",""recyyPtZR22bly109"",""reczQXtXsD7ZMW06J"",""recSssgoW9ao4mpbu"",""recvl1Lwtl9Q0nUdr"",""recakRkEJSmyDjasR"",""recKWkaapI1u1f5Po"",""recdvxmBk8i4wmTDZ"",""recNKyTs6PzyAuDOV"",""recmROOrmWTDZwuMQ"",""rec0hnacZDyQDKmJI"",""reciMWlmqBKOd0GrM"",""recKGnkncQaKiaASR"",""recrr0KcslQbSrK1h"",""rec9jFajIRRLEKikK"",""rec3TYNFc8RbZq1Cy"",""recyj1Dq8o0Cn34fb"",""recFqfK4SEgkmb2H9"",""recT62VGAOrmksOxc"",""recxBNuAjYTZ4JNZC"",""recK93w9IMTgwpObL"",""recLMdwjhzmRNDBeQ"",""recWcI1tdK2fINjKT"",""reciL6FPraeSR9OZC"",""recxPYs1LnR3iVWVQ"",""recj12R1SV0OfbZjX"",""recdBCXQSyBTHO9AD"",""recFrUBjR4jZd2za5"",""recWHN6bMy9dNvSd5"",""rec41iBtezqBlAi3s"",""recEtJ32SQOYbNfhx"",""recJaxsoOrcWHKrZy"",""recLpc2wWiIRWin2n"",""recMH5jhxZOTz4jo4"",""recqvr0Vix8mT47Ju"",""rec3zEhhxPryMjoeZ"",""rec9ic6nS8Mmcvkxf"",""recbeB7OjV3mvCuJ8"",""recPgSUp0wSkxwn68"",""recQCsovc5TS7eID6"",""recsBWXcgJN1ZvdKz"",""recv3S4EvU4ebcHwE"",""reczhpMSCbnbyy8Xz"",""reciVnRK0uKMJ6QtD"",""recBHIruYtoyRVfEK"",""recmwYUwk7gQRCyvm"",""rec0gXW9wJEcoWygK"",""recexaTsOL7HmPr8G"",""recf9iMJWsRnJxZu7"",""rec4io12ejJYi6ZpO"",""recstZkXxJaZM1iqx"",""recq2Km2ME1PtO3xn"",""rec8ndh98COqlvd2V"",""recGi0jOUiruP2pEC"",""rec5M4D0bn2VmCs59"",""recHIKjKmXzzAKmJP"",""recm6JzOhGGvdwXaO"",""recgVQAwaYjVss3oV"",""recSI0TmkfDtq5YC6"",""recjMCt5E56lOR9vS"",""recyZS3cvGlZH04DL"",""recIJuPcbVWIQyb7c"",""recmDhPZjwccK9BDr"",""recmJK6ZQsAWUX0Pl"",""recdhjEwxDR8TGRbs"",""recj9UuOMMAWLdDOY"",""recoJGPomC2FBQT4h"",""recsvqYNq01rrrkJN"",""recYp9qxwW6IPDdcy"",""rec1BhSfGLKfCGE05"",""rec3cv3NRNUkpAEMh"",""rec8g8WMalpOwIMAl"",""reca5xIy8fQErZRV8"",""recbXb1bf5oRu058t"",""recwQEWQ5ztDrWmLV"",""reczxXeuD0BIT6fWc"",""recIAyzmEOhZHef6Y"",""recWDTjauUuKWzVPy"",""recYXWLnjOZZVvZMy"",""recmiuZFkVSuToZ6e"",""recv2IweSgsXp3LaJ"",""recjGktLEGvtiJ427"",""recAHUuCbFclsmG3J"",""rechCs0cr1WVlBoHf"",""rec3SSwVk19hJP7tR"",""rec7QrXcU2jNyjmuU"",""reclXgmQGnknfa7TH"",""recnfjz9Fo0QSgPIf"",""recpSWgkC8g63x9LE"",""rec3iWPUWiwGXmr0O"",""rec48iiEPRjEkfdK5"",""reccarkLxBXf2ktmV"",""reckOBYASHislO1kA"",""recx47OQVpOXxupgJ"",""recRUjEpksShIracX"",""recUDBwSQlGTM1y5o"",""recn0OgJqep8Jwd1Q"",""rechcfBDTLBFkc3BY"",""recDo8lsBRzTvp8LK"",""recGm43VKu23rh6pw"",""recnoCycrp6gA50Fu"",""recnbAP0Lzg0kjTq4"",""rectx7gresMH80jvc"",""rec3qnHYU3wCBcAeg"",""rec9NTx3J0Le1kWwj"",""recesjszqc4lLcwsP"",""reclSesRmtilgAhJI"",""recIdST62GYoxfVKN"",""recOUm2V7xUhiFSQ9"",""recVwmrT6R9TcyfF6"",""rec0CRkfVCMtoSkg8"",""rec6QxUN4lJwXrcS5"",""recmYVpmxmtatCGPG"",""recnGD4HpmiauRitp"",""recnYVEU6SiiOfxIc"",""recr19Mm3d5q9AYzI"",""recvjIte8LYUvAPfX"",""recZKKptxQGXLVajs"",""rec9NbgAYAyxRyr3J"",""reccifceWVuBxj1BU"",""recy0k7ffoSNvm201"",""recJPfRyMXRKIEOw7"",""rec2saxLJZVsdykYg"",""rec9P5Pw6LX0p5KqQ"",""recC9f5wVC7adlihG"",""recsFB83p2vOKl5wm"",""recbjsu7yiQIh43CY"",""recJVAbCAhGtBDn5h"",""recMrHRVCzBLtpjmX"",""recVkWXUVagLsFcrd"",""recq6NFmYHCxNSLAC"",""recvJPLywEuZSnqLb"",""recxWBW9jGW7po9Ws"",""recD97Fb5c9vm6ZSx"",""recG6Szcz47BZvFgG"",""rec80p19oMgbCv1iZ"",""recaFc3nCYnP80kxd"",""recxTvlYmXWnhwxjh"",""recdyTNfwXQUKn6l6"",""rec5yxsOgVR84JXRF"",""reci0KYkVVItB91kp"",""recmqsT4DbhBKobFw"",""recnqXnDac5O7TWqQ"",""recfrEEpYlQMbsSqX"",""recknDFMJcyUkeXg8"",""recAkN0Wgc5bcExG0"",""recF0yOQix89X9ZAr"",""recR5WMcA7AXjPfnD"",""rec7uNY01T9c6etAJ"",""reckfV6BKfYAhKA9k"",""recGvJUgCX1ueOVUk"",""recPJ85hZP07VcFYp"",""recQV1wiEk5oILqoB"",""recnlFqkITIQrY65l"",""recn19BUL1GCPRDd9"",""recoUECVXTsQ1sFDP"",""rec2QOTj7HC3xXmkj"",""rec9hsRTWGubebl8w"",""recrkupzz8sJ3Z6X0"",""recdn3eTpWwfqqFdT"",""recEAfyhXPUjB81gj"",""recMcMvYrj3b2t2vi"",""rec5GkM2uXwUm3Xva"",""rec2AdMuoZmFtmdDI"",""recBZPs3f9so8LdoA"",""reco76KYKcmsCR86X"",""recpUA4fSYavomikl"",""recYIGCYL3Ju0hdBY"",""rec2hxB5GX4rzDtcJ"",""recPEIZfbDsaXrXrr"",""recXEYf1ja2CFRA8X"",""rec05w104r368X6Eh"",""recbJI1vuYgYjoZV8"",""recCxWvSEznzFBzph"",""reca5DXoDpGsraGoq"",""recRWZRDVEca5jnpD"",""rec4hgdi1veaZRAER"",""recFMkRmpVHq95LNl"",""recgZEMnvL2dEbWGx"",""rechRhCogWUwRaFZe"",""reczqxYBx9INZuAuy"",""recBBsJ4sYI0FcCde"",""recLYGPW2L5ugezFk"",""recqL6V7urpRzKDno"",""reccD5em7fzACOtw1"",""recmko4pNnLKullTV"",""rec2E2Tt5iTmg34Is"",""recyh68oYg2btj0zX"",""rectSDjk0QHMO2fkD"",""reczlbfizlhga70pq"",""recjjvDtoNYqTGrIT"",""reckP0yPD6QQy9Gzu"",""recDhNbCd8VHD5Rrf"",""recDYu5kEGuGFijW9"",""recEamiVC5J9XO0ji"",""recPt8ks8X9ZQEy2Y"",""recvfnbdAyUNk2FLZ"",""recbifEVTDzStGu9T"",""recx2ivQOTrSlD3oo"",""recywTqHey2LN2t6a"",""recRmFwBX9gSkAccF""]",V_01-28-2025-00-00-00,2025-02-09T21:43:29.000Z
recbct4wUzEIwCsjH,2025-01-28T07:46:02.000Z,Data Integration Platforms,Active,2025-01-28,"[""recobtoHFczqG64lu"",""recvp5HXyuJbkelvg"",""rech1ekNYeTNTpPeF""]","[""recTyf8dDOIFpYhyT"",""recZf74ceBKDKo9ai"",""recwzxfABCDIlXYs4"",""recTqLGHwSlej8aw6"",""recfMU4XvJTas51DW"",""recss1m1zYW74KC30"",""recVEJIQ9OmIscN2O"",""recbgyervCKuvJtC9"",""recQw8rmkNJhD0ZS6"",""recfdQnvVdfS1SAZv"",""rectnHe2KleeynOYD"",""recBd9uiRd7bMJOqf"",""recLxF9Wy3nuPOG1H"",""recVrTv0CxHYTOcTt"",""reclaKcMByRGl6NNk"",""recK8LU31PGqslyDp"",""recUKsfEaZ4IaF2sK"",""recFePn7AutA0Fgsg"",""recDS4d6l1asR2XfF"",""rec22AHc6U6XtRUru"",""recmDkp1qmfLu0gcf"",""rec5Yk6kjaGymdUCT"",""rec4TgAnYyPqMi1pB"",""recq8RmpLhZC9hS6t"",""recxPXhCEKJUzVkxQ"",""recYlHQFqjnAQYNmC"",""recedD1jL2XrGWifB"",""recMcw1lfCZ2Ny3Zi"",""recUh2MxGSforhoES"",""recmgJ8XmhEc0scBx"",""recdmd5dGPX4gm3cY"",""recXmxWMciKeQcHbg"",""recb1G9pisJEkT2Ez"",""reccGTt8Z3oVJ6Qts"",""recOuWMNsS4PLZB7R"",""recmuBrzgU58gGQmf"",""recugde2xQlMiMayN"",""recR2B5t8ras0OsFo"",""recxFaJciELMi7GeH"",""recEIQnuRQOEOpbTs"",""recKA4CkuAds6ZxFi"",""recQLm2FoXgNbp1zZ"",""recuDFSYGFEivVwyn"",""recmO2ftQNz4fpnVo"",""recCjUnEGAJLIMahV"",""recQBbY0HIl4Y2473"",""recoYBDslJrliczKg"",""rectftYR8zfSfRITJ"",""rec0atvo1K8SW92xO"",""rec1QDERyGV6blMBD"",""recCmg982ME7n8OvA"",""recR9R93tHnolYCDu"",""recmdieySfn10hHAx"",""recnMOfCCEwfnC0Yn"",""recswP0THBfbyDxlD"",""recttMs16COdduuOb"",""rectToWMW8QtjfkFM"",""recDPbQmZekZKZ4QM"",""reclRQ6HHXcZ7sUTj"",""recpENGrI5H0fkWk4"",""recf50zA0U8TxOD6r"",""recw2LzHz4JlNnB0x"",""recWcDcbulDDoDv5z"",""recftnLdg4gBFdSED"",""recImFkubkoYZWiKg"",""recdKSqKlKQy0FDRf"",""recr2Odlfu3o40jTX"",""rec3nKbedaAotj0qJ"",""recD3zOrJocmm8RSm"",""recTBCtQBPZ99lvp5"",""recjtBhxHwIDJxD7W"",""recQ2MR26r3SsGw7g"",""recfFByhjMgxt7lCu"",""recg4yU8EdqeWdN6G"",""recRZ5NenO9B4I00s"",""rec5cWgbwOGdymqBT"",""rec1JJu86IufvpA5M"",""rec1jYPfmMEpMxuqi"",""recCYYd56w5ovmlHK"",""recG81Jo8jIlVsnRy"",""recG9i6oR2QMtC6zk"",""recITZM98NBQ55Xg9"",""recVmowPI99hpGeP7"",""rec2yrqZWwvwVrMuc"",""recnKPoOy8RyvgVEG"",""recuYDC4tcrSyE3BW"",""recdXC8vz1mRBNe3k"",""receeJFpRux1dnQEe"",""recHwI0SKJuzCTjUR"",""recN22b40iy9Zy1dj"",""recSrU4mLAKzaQN9y"",""recmD6fSDPWPwf2Mo"",""recadxbuxhIzEtFut"",""recUWgz9Qy25y2q7r"",""recp1xz6ogvtFMmNQ"",""recO4HGdwhn1ZFS1D"",""rec3rMj8sasGqlL08"",""rec45w96DtlAk3X5R"",""recI52gk6mXiQ53Ry"",""recr3JQJeVtEDxTFR"",""recZ9xCOgAi0xHYLh"",""recECBOOe6MbM3Pa0"",""recKPsOsfHRbQB3LN"",""recMwWrMjCn6Ca6Bp"",""recVG0l88ECO6sixi"",""recG2RwPwJdvurwWA"",""reciwBwcqZIUlq2Q4"",""recZg3Q8KmHkSqi4I"",""recYq0351ry5RM3NF"",""recfcyg67vHnhWXqf"",""rec34YB4CE1Yb5A5S"",""rece01jXvzpkdWxwE"",""recivkP6qLWgunysg"",""recAM3SLbIrXwBMMO""]",V_01-28-2025-00-00-00,2025-02-09T21:43:29.000Z
rechqr3Zono6Xqmcq,2025-01-28T07:45:45.000Z,Health Adaptation,Active,2025-01-28,"[""recyrCph6swfTOvBq"",""rec0gX7ou9bfC5tiE"",""recx55WDuzu1L7TG0"",""recewHmXlXUiSJDXz"",""recFVL8HpmKQWPR0f"",""recBR90U9jvFOx4Gr"",""rec0Wd0VjRVizzU4n"",""recXBWQ24uOmcek8E"",""recQUj2aLvYphoRJm"",""recyZO3ADQ3NAJ4uy"",""recNwvlDQ6GWxTVVa"",""recIdHXdodV9oKdur"",""recgdHgF4VvLUIivn"",""rec3wDGaUBqv7bEm9"",""reczjsMwr8wJsDsIT"",""rec2jRps8eIWRuocI"",""recV0O3DSpZ3X4IP5"",""recKYzBe89ixYJmjR"",""recNN9gH4iajXwIOW"",""recdhiob1FTiueKBg""]","[""recphTefXcFzv6aXs"",""reca2tTKgwMKRyhHT"",""rectiiLfFrG9xoK8m"",""recKi2b0eUa0z2FKe"",""recZNAAG93nvOQfLf"",""recuXgBD3WvK8fp97"",""recaFUQPcf5Hdlawy"",""recU5UnpmneRzJA4p"",""recyRCxdlZpUFIhPF"",""recBBpeDuXoKphIJD"",""recZIBZCnT0a0qiQp"",""recbLFp3Fus10zphC"",""recmGDtoJlAUJSevw"",""recvhroSaKvhBai9i"",""recWvdm9rf4WpoOx0"",""recMDbBH4SVJMNqwc"",""recE3uw1AdUzQaE6Q"",""recSpc0UEPj9XY8e2"",""recFeKHhsgKyQeSro"",""recGfcRU0Ki7MP6aT"",""recrqCkXW2gJmsgWn"",""recWweJJ4OXZS66T9"",""reccVmonhvHlHd9XB"",""recRVG7dZpxtXBRYK"",""reczWYmAkpR56kPs7"",""recnTh7tS3CHM6F9r"",""recZG3hqH7oWIqQtT"",""rec2Q4EvPJY2m9Grr"",""recTEWaNrcjmhRZSd"",""rec5onp5mbcOOFukM"",""recgAQ7msn47zzaeF"",""recUo6mE08WAkuaMA"",""reccJSNhusC2E9J56"",""recgBkxyx4IaoPBDN"",""recIIhWNuERnySUrh"",""recuUiMl1Vu9enFTw"",""recKSIutZ7MDhUvgH""]",V_01-28-2025-00-00-00,2025-02-09T21:43:29.000Z
reciGjhvWmulaMj4S,2025-01-28T07:45:38.000Z,Ecosystem Protection,Active,2025-01-28,"[""rec1bnLR8K2uaBpRR"",""recOo9ofetPWICGxB"",""rec1AB7o34NKxzQQo"",""recRpYxzzn3QlYb9R"",""recCWD75OxckE43LP"",""rec4joCJfVpxb0xi3"",""recFFNdzBeDKMlqBF"",""recrRwmjZcVuNxW3y"",""recBaXzOMeMsGuBdz"",""recwoep4C1dqDJhxZ"",""reciwQaSajnB3NEjq"",""reca49mtI7eOv4uYZ"",""recBRmvqGOBLsfI09"",""recSjVpBwPbJSTdRY"",""rec27M2VUML7mlooM"",""recXcYlvGPrhVxlju"",""recctnPdoRh9eWIWn"",""recCQtfgXylOcXeC7"",""recuno5U8pDfeYHFa"",""recUrANIhkTekrKtU"",""recF8kgjPNTPPRme8""]","[""recdEcahZyqtFkGzH"",""recIHfOCxLFUC5H2m"",""reccuZkGtsom2gnQR"",""recFkbpSZtAle7qFz"",""rec5gYX0bHiLqmwIj"",""recvTC34d8c3vGIeg"",""recD2Z1YlyQbuxEtj"",""recSLRWlNupA3HhC5"",""recNzZyzH0S6MKOsc"",""recRjjI9HuI3a5eQV"",""recnhJA1OKg9bmWvu"",""recth5VJSRryg8szn"",""recvPoOd2SebhK9aQ"",""receRSpY7Z3V4Q8vi"",""recThKHXjvitiDnOT"",""recrmEIb3wdvwSirE"",""reccHiqTGDHAQsU7v"",""recMy9J4fP6LWm4vY"",""recW1Yk7oeUTD2Vj7"",""rec8XiJ9nkfUnPe6h"",""recALoE3COnCOvzap"",""recTlxmPDk7EdZOeA"",""rec1lHEvec212NdDY"",""reccLy891ZOvshAPZ"",""recCh9gfFrcDllaTy"",""recUCnSEmn5koiIPe"",""reclfCBLkkPzbLvml"",""recloE5WAp6pgljsV"",""recooevkTKM1JogVp"",""rec7onTXFlGfPh19z"",""recQGAJ0brnDPVrwX"",""reclFjcUS5o17Sv6u""]",V_01-28-2025-00-00-00,2025-02-09T21:43:29.000Z
recsKvsr32KNM9vvq,2025-01-28T07:45:52.000Z,Community Resilience,Active,2025-01-28,"[""recS33WJiLeudOY9T"",""recPowvweSiYvhdrY"",""recz8tMyH7P67pUru"",""recPBMxFQu0UI7uVd"",""rechEPA39CuAzi5Ja"",""reccZWgnoBWObfFIy"",""recNCJPQTWGlhyeSd"",""recu78jPFNzCyG3ZR"",""rec7Y8Or764ZCbLcv"",""recGqRL3n4WP15LON"",""reczfdQ3oSAVF52pQ"",""recsOD2DwaZXGBKbd"",""recvNGyReZHDm22Fl"",""recFwi0W0jumE4TzI"",""recrF5HwrOgeO35v4"",""rech98gMOvxIwNSNh"",""recKvW3aywaNBbDG9"",""rec4ZiH6rkvmvQV2E"",""recOz1kN8p85lXBrU"",""recaYD5EJpQqNeFXn""]","[""reckPIrHFe4xed824"",""recPeOKnmO3q7g1yP"",""recLt2obCOQ3vnnFp"",""rec2z9FSuwllx6Qwe"",""recyCl4yqOY5znedm"",""recR4T5fl0HibiTxf"",""reci29EUQUphxHH15"",""recfdDeepZ6axyt6L"",""recEAJsUjaOcsq2rl"",""recCkilT3ocwDTmRN"",""recenM2nfPD13kULu"",""reclHb2EMBi91f6GV"",""rece8PazLSVpEoksQ"",""receLd4fWM8wOGlGJ"",""rectSW2V7Z8gO6u2z"",""recoyMu7eZ17umbm9"",""rec61vd39xtLGAv4w"",""recY7OQOmAzwaG3aK"",""recdPkpr2n713yloQ"",""rececMJ1h1BOs0WJV"",""recH5q7Ok38Zkw8i7"",""recoSkgeJqddGH4AT"",""recx2fpyBbXp9z18K"",""recuYULK5TtocTFrC"",""recjO6COMNlChQ17g"",""recMPtU4CydDJIgnt"",""rect3zLdPhHnsrwIc"",""recwwiXJSk4OjKfun"",""recsEneCNrzBYSKFq"",""recYsu9vbin3OCE99"",""rec3oSHGxxQtPmXcD"",""recPJNN9GuGFS5hDy"",""recblqKRWri5pPPH8"",""recMTULTkNpEJe0Sz"",""recsB2zpaovOTNFTm"",""recX6RBTqMgASnfyK"",""recZ1PRx3vF0HHGQV"",""recGVHB6nHN8jTCaP"",""recM21wSsKWi5Ue7s"",""recHWTVCwADIHdskp"",""recun81zfZkUm2taN"",""rec6bAWZhJwfvJGuE"",""recI0YSE6w9eLatmG"",""recLMYxuUK4e0UmSs"",""recpOOVMQq2I5GRkG"",""rec2YKfvJ40BeGeXb"",""rec4zeLklufi4KmLW"",""recUJ3jkZs5QYx80j"",""rec18q0eY3RZGRV6H"",""recbp7pXZfKWFgRUq"",""recLoHK6f6986y7e8"",""rec5LF77vCGe3M9Kw"",""recfBSG6EKtfTk8sA"",""rec7tvljMKAudpNVs"",""recndKfbgcqbpF0HW"",""rec5ix7iJQPMUs2tI"",""rechUbNpuu4hEiGmX"",""recl5xHLo1bEF4l7K"",""recNnj3CRu0A3rhjP"",""recQkIybTjoamQA6g"",""reclKSA7wW2JdxOR5"",""rectbEcXex9ACVACJ"",""rec8kh5fYdWWr0PrU"",""recxdTJTajcEEr2p5"",""recHYQjDPYiujPO5e"",""recMtBYvZYj4jRFiE"",""rec3lvGnMM98Fpsp7"",""recjDC2mRiWXTAzYy"",""rec2ymF9Ejls1rgYv"",""rec1COrfvdUm8FBnG"",""rec4cchVLqTTxQkC5"",""recwmmHWcJjYIvELw"",""recRXPuQcb2ktuqKO"",""recnLibfZIwVbuXiK"",""rec9uLtd6Y00Zn1Yd"",""rec5Xyguj0VFclP9L"",""recBTxuLdIwJm1K6i"",""recgzM0yLeWuv0RC6"",""recwYhRTieLggZqLs"",""recrhPo8H272MH0cS"",""recN7hbtq9pyAxyPy"",""rec212SMGcVtLmF9R"",""recjg1XjCQqwmhK3r"",""recByTEJqN7F7H4Cv"",""recGYH07yn0ms5HY6"",""recN1RTEJQQsiMJNy"",""recSR3iQptfMKU6PA"",""rec5EJDSI60hD0MSC"",""reciMbGB2UHlwAIkM"",""reci1WX8JFCW4IpK1"",""recMvI7CwBso7Bwpd"",""reciOzEfnDCqrGkuK"",""recBBDTiXV6pmtkfA"",""rec3ikL8ZFL73IGLB"",""recjtBzfvWVN1Vs3Q"",""reck3FW8cgOns51sr"",""recmXpVUjAjBGB3Rn"",""recrTFfUAnERwhHuj"",""rect6397i0YHvexTM"",""recK5ZMDYaBySOnpS"",""recS0E8Jubp55pyyk"",""recU0a3bQNmYiIrWd"",""recdvcLZkdFOukkGD"",""recXQgcXsp6UJaPnc"",""rec2iVyjmpReG66tP"",""rec2uWQohCadZbP3I"",""recT9980gBDRX7Aj0"",""rectcE8voINlAyych"",""rec0zcXNzjUP0IdW0"",""rec8ral5MvtGNXwW0"",""recWAC4O9jDAQETiV"",""recXWSxooVtAbMIOI"",""reclS1GaNcTohacnz"",""recu07ffHE5hMI15y"",""rec8G5TxS6O9cjHc3"",""recg54uxqZxNY5Jvu"",""reczab9aPHgqI0RT3"",""recALpUd4A4gWzOCc"",""recMUPVjPRboSff4F"",""recMZaxrznqMmAAmU"",""recQannKYZDsDCzsy"",""rec91HM2AHBUDQx3K"",""reca4W3bfxsIGTWGg"",""recwFBiw65KgJv5Sl"",""recCwx1hiPlJknY1S"",""recEBuPoaqGXTlEHf"",""recjUQ9IyMYCSElmi"",""recSnG6b03pOYXtTr"",""recrzbgLLzmd0KRS5"",""recahzxrTfI7HgZzH"",""recvfwcXYoO8fHJXT"",""reciaeOBmsIp20I0B"",""recGp8N5OGNjo4Ywz"",""recxPNl3Rw8fEhmys"",""rec8v9SRT28KbQTwi"",""recz7IHIm1n9ZQZMk"",""recFu0IxPfnQA8kDa"",""recKAzGcK78i7JkvS"",""rec63C0Yuh4SYN6Nr"",""recOlsHQTFdrO03OD"",""recnaMVmjr2ToOnct"",""recq27eVt9mRMy8oK"",""recadxxNtxYBRcXoF"",""recfg7KBXSsFRs5OG"",""recpbxTH0H6HiZAb4"",""rec0eC9tkHVUPQM4X"",""rechq858VFK70jfth"",""recuTtst59Dh6PeAj"",""recHYSCJbQLDpGlca"",""recxzHBSi6Na4xJJW"",""recQxZbSnOZJVMJO2"",""rectyAAaPi9ulUyu1"",""recOWVXzKP0LtAZSQ"",""recSj1FiMa2A2Smdx"",""recgL2JVrj2b65Hia"",""recH68OCuhFPeMr2B"",""recIsUv30H9Ds1U62"",""rechjfVLyVIDgwtje"",""recsE55wLh0RhREom"",""recxDHRuo0JcxZPoh"",""recGNCDZ5Qgzu54vZ"",""recsUBTjpz2clZtzE"",""rec2BmpVVr2gmDJqm"",""recQQBIwt8bQjWdNj"",""reckHqmsWYH4fqN0G"",""recFECh4QiZRXJLKH"",""recKWSOFVl80VzWHT"",""recfxmLd1bAJy9rER"",""recr9XH1I9vZp4Cri"",""recWHPK3glgbUaP8C"",""recOpZVeUggCbKFVm"",""recPJrXMznU6ueDjw"",""recN4ld87nTqi48e3"",""recv3fkDVwmTJJT5P"",""recAMpnGkf2leRhJw"",""rec3DN9ReBvRdCtKb"",""recQp0q0N3te117tD"",""recVibhu3LnYRAiJH"",""recBtYieFqNqzU3iX"",""recHJhUcq6lptHBIM"",""recJtJYFCiwZDUiGb"",""recJ7Mx3qpsWUmu2O"",""recM0erFtUgK9W5qt"",""recOkdBk0KLiH5AwQ"",""rec5ss6cwWvew8OxB"",""recx6WZbuGpeyvVPT"",""recEeVMmy2VAIXQmz"",""rec6lxPukwenSnwh2"",""reckb08rfHnIXjSA9"",""recwIQDlUB8d5JTpA"",""recz2TOi1Ly5sP14P"",""recRzFfMv1JQiUGw2"",""recTzspetsecpHUz7"",""recyPA11YkkOMEZst"",""reciFLTpXlX4nonuX"",""reclS5N72siqXuK5H"",""recEshXipYQLKBE3P"",""rec2fl1Bu3Qxmy36E"",""recAdhOmPZssuags7"",""recS9FR2HiNjUvyzg"",""recodrjHze9Gt6PhB"",""rec3Ze0KlhNN9cVJr"",""rec3apbARNWsMuiOX"",""recdTNYorEwuYFsUd"",""reckNRwVH6gem8Weq"",""recMm43JUX97ooPvy"",""recM8RIkWPnqQlXgF"",""recO7v7IHTt6WISdc"",""recVIScoY62lDiNkI"",""rec1Tltehr31qU0LU"",""rec3tQhoNoPCzxqXV"",""reccbKv7wnuJOZF4Z"",""recymy2T27aOLhanW"",""recFottSgTc7Jeflq"",""recD2FlQeRUs14KMp"",""recxU6tEP1LjSrgHJ"",""recUGZDPiyMI9TRoj"",""rec7hT5opGi69oDP7"",""rec7m3YpV5K1e33LO"",""recnFVtsvSEWKCEhw"",""rec2Xj6JTDytKs7nB"",""rec7dcevOc6k4SpMU"",""recjv9vanBUGNbo4t"",""recKCtkWqYb70IsTO"",""recLnQiAtPb1hxWPd"",""recQRqylZCzmLigqS"",""recUECSM1Fh4uSv7j"",""recxrsuhJlgcrYGWR"",""recWv6cIfh4pw7QMX"",""recZChvxBDaWZklUv"",""reclRHt3ODGaauHj9"",""recNZZNiNVr1lGv8u"",""recW3fjRO2xo6u17s"",""recgniXZ3TZy8XoGm"",""recWycgyOZ6UmAG9C"",""recH8Hum6DKTPE5LO"",""recgnq2xp0RA02crF"",""reci5Vi9laX2TgvvF"",""recwVM2zO7Mf0ftdc"",""recDpVPLIODKEx72B"",""recFDOIhG3yMYXkWF"",""rec3Dssx2o6Gc4E4G"",""recC1GY5Juz1F3ms8"",""recoA8bCjD1NVH4Cb"",""recWZF2z5qVimd8NR"",""recJnjqsAmymdt7U9"",""recMSKgBfU0IBvEX8""]",V_01-28-2025-00-00-00,2025-02-09T21:43:29.000Z
recxG8gMU2ifwGwIX,2025-01-28T07:45:42.000Z,Water Resilience,Active,2025-01-28,"[""rec56OuHUWtmF474v"",""recWXFdTucdpUHVMX"",""reck5Q3ExLEzhDCpR"",""recwjQr18jqZBjOpo"",""recGlUF75ofuem5HA"",""rec3OERhEc6XDp3dk"",""rectWtzRiykSkdUGc"",""recM1IiGYzTIadogq"",""recHCkYpE2DkrvIsR"",""recnemthbF0GrAz9r"",""recShb5XfHPkTFypC"",""recFLXBwAWm5cJuEK"",""recKczRnmiF3VgIYY"",""recUTeV4QXa9pIUNC"",""recwWUuo92yUYeBwS"",""recXCFsu4B7Eilbkw"",""rec2XiOJmVA2PlP9k"",""recRwhbD6PYXLXr8Y"",""recooAYBKHZwGfVWk"",""rec1Hfy9WJfB6vbzR"",""rec7l4SMPy0alIkTb""]","[""recBJtIgyNrkirw26"",""rec5pFEb63TnFIXCz"",""recntIcM00cwxQdWD"",""recinxoUxAAEFFmRw"",""recDSB6kBAlQsktNr"",""recnG5To35qmVaKXL"",""recYuyGPq3R63WuVz"",""recI81MkWoDhGGgUj"",""recb8OHdgskkYMQdt"",""rectQIBCJ6B6XGw8r"",""recmOesTQbb2zf9mI"",""recrjBdo3sxYvWjCV"",""recjdc6jexQlJW7Ou"",""recphRqP5kKqq9ccc"",""recP1q8stoTiunHSg"",""rec40UinVOMQZlQsx"",""recdnEbflOG7KEicA"",""recmhiTBGvXx6XUP2"",""recZcJ9DbwiegzJSx"",""reckrL3urhU10RO9p"",""recCbAd7Z4lM0Xprq"",""recLIw1gLDUV8jDM1"",""recrbL83P64V6o4EA"",""recaGGHMNqnACGxgD"",""recTxT4g5DRMAvFO4"",""rec0A0676nqlgvWIV"",""recSeTNJynzvBbG8x"",""recv2KjO5Q061V2ay"",""recX9UtSmaPe1NfG7"",""recSivpSE0V4kOJpH"",""rec7EQizW786PEtig"",""rec0cnDqYgR0H6m5O"",""recWMFZtWrE2P4944"",""recD81BQsJ3mzg0WC"",""recmEjNQjIjKyAWrB"",""rec6cxspSfVeT6ppO"",""recfMfDAFC9TJnXIx"",""recfUZPfklzYu1E7j"",""rechpE0z7sujwEfws"",""recuk67tLNaowZsHT"",""recfPAjeLOGLgwkew"",""recIaLKOV9kb6jf77"",""recBhHOYTIPIwUz2A"",""recLDaE52m5DSDUua"",""recADED2l7ynb5dkR"",""recP9OOnO58WC0ytq"",""recs5XOvVFmhFvWK3"",""recMDGwF9RITgaOPs"",""recVhugDELdEcVsYD"",""recTznN4QlbNWWK0F"",""recfr87tAdpTHS48N"",""recCdSxVcuXWlyyWq"",""recEgfQPsIUW3qkLq"",""recI65ZxjGzcRfQpI"",""recMnIROg3ZZXg1As""]",V_01-28-2025-00-00-00,2025-02-09T21:43:29.000Z
recz2FK1dAxPB2MvE,2025-01-28T07:45:35.000Z,Emergency Management,Active,2025-01-28,"[""recuIENNK04W2UfHv"",""recH8j6rL3KgSacGV"",""recxzdLHozsCFElzA"",""recicgB12oVLhp6hy"",""rec5m7lftl5qGRNh5"",""recuVN8L0k3ds3SNk"",""recggq8gJe3HEisis"",""recPlU0Cl9iEsruLU"",""rec2opYHNMK9jvBGP"",""recdf2oLf8kuRaBqq"",""reciZiI2FAU9C4Qal"",""recG6Yl8QvY8Dhcdq"",""recx2YszNTarTpsFY"",""reco0poD4GZ2JJGcz"",""recAIAl0lWyixDp3V"",""rec55irUUYT9QOlrt"",""rec2dm9qRW4KTtWDA"",""recy8ovl5cvEBuYaP"",""rec0g0qwMEMecIKPW"",""recPLP7zvcNKK4QLk""]","[""recn1frZCoUg6AD5V"",""recuxhyjI9EaaIgKd"",""recZlUuUh9F72daAD"",""recYcnP9jYHOVHbFF"",""recTMCmvyWVJd6hJq"",""recv3mFstdezLYVpL"",""receqoLZgUYORxGOM"",""recY2e553DdVV1TRh"",""recpkhaQX9UOBPkVM"",""recvRP3wDcoN7HiL5"",""rec9XqpcVbSkhkjGV"",""reccw0u55e5pMVVHJ"",""recGK1ZvfY4mA4UPQ"",""recGv6zmVUIjBZPDm"",""recomnFfi8ngHNi1Y"",""recdLLqOjE6rR3VVV"",""recG2lwH7yoJnuK8x"",""recQ7SYbxGY6TT7zY"",""recVesEOuoR7Bu3Mp"",""recvhhqyVejfAKYTg"",""recXr2TgG47VcK3Jn"",""recMcoN0JDgiCLRwi"",""recYuaoGZlBVeojZy"",""rec2DmzUCo15HToN7"",""recqYQNs5W7ewaWn1"",""reccMS3ESULtWCTSw"",""recHdivFEgeLTziIO"",""recMORmVdPSDYSYPE"",""rec7mB9ss7t9IN60p"",""recxgEC2Q3DJfsW0Y"",""reczrGzlyRvMs1f0A"",""rec46j0vEN3yK1NML"",""rechBMkK5JrPFRFoD"",""recrErnwQ98nDhO8a"",""recYgWK7htxyO6ATe"",""rec4PPltAXI19nLfH"",""recvaEKFzHlTXhAml"",""recYrqvLOBajWceML"",""recZwnYyW3OP9LQcL"",""rec8vfe0S1G9ZxXmS"",""rec84NYbYc0PTSskB"",""reckLgvGJqKgj3BHn"",""recDbkfoPurpCoBV9"",""recxFx1BaAGx3hWq4"",""recSIkV27hXmY1LR0"",""rec7azoE3UCYO605q"",""recaoKJ2i6gWUzuk1"",""recPwJ7F3LvMTDzLr"",""rec1TQsc8otosNMvW"",""recvXN6SJdYq1H7vc"",""recWRNQcQDLSw1p43"",""recbXJw7V5dP0NgBM"",""recgvGJdX0mehdjtn"",""rechOFWCJaCmzEOKL"",""recwCxFIGURXZTjIf"",""recBiQ3LuYKExLwCO"",""recOqSiCMfNGDFQhD"",""recPRJNEVBhff4Hzc"",""recF77BRSCzXu5AI1"",""recUV8NT18YuDzrwF"",""recqds7jPBnK9ObGj"",""rec7QYLgg9ibaC0kR"",""reccCbDbCMcu9bjJk"",""recgIgDM3mhqA9DdF"",""recJvfMO2o9MCG0cP"",""recRmtpM5KglPPTs3"",""reckWaEXHYFusGsqL"",""rec8vDohbQo58nUl8"",""recd4fO1aDuFXTcd8"",""recexw7PIJoklMViq"",""rec3C3RGkeHZrseKJ"",""reczg0KfEoUf55iHC"",""recKG5Etj7tb8CHb7"",""recUMfWijj31rp6EY"",""rectshQOOdpffojme"",""rec7m1engGbUExEfp"",""recHZAE5W9q3iOZsA"",""recOqu2jq11vIe5Ja"",""rec3TeO6smsQtRyCn"",""rec43oQe9W1xL0wIL"",""recFWkWlThPxB5OSF"",""recYD5Y1jjx4TuxX7"",""rec399qvnIGtvhmnn"",""rec5fFrSkEn6jF6v5"",""rec6CdalmxShOQoWi"",""recdUJvYc9hEkbtx5"",""recCdenM57Y2kPQdb"",""recUwEqR9TwNGymam"",""reck4UAdDuTBNxwZ4"",""recxMR3h15G02Vj4v"",""recNjTvxmP3W0IEPo"",""recRpFOGjxM0d3ETW"",""recED8tMPXfChm23m"",""recG8Al7NOMXkhVmd"",""recVFXnwzeqwNquIJ"",""rectWhxOwOq6FjmwP"",""recEoOnSYO2QiQdT5"",""recI9G8TZmDlqbxw8"",""recNOr5rIMby4JIsf"",""recPcTCyXpy23De6i"",""recIOQiOkOk3EPsZ8"",""recmTOm1djQxfXFIE"",""recnlXRPforKj8ELv"",""rec6SRibCakSGHGAR"",""rec8vgutNDMhBcSdy"",""reccvNLUM7J8aE7nU"",""recdH02EYaJlPlrpN"",""rech6lPf3lpLPLf5P"",""recxdwshOY6SzB3cK"",""recx4KK0PI5W0NIO3"",""recFRw4LPOGahLsMg"",""recHoLHtukOZHHAuZ"",""recMoQ5qtzK3pTTGH"",""recM5dpRvqB7J3IvB"",""recuBJMDzDLCUP3KZ"",""recWwItY0NJ2rG3lQ"",""rec0ovmvdoSO5SXAg"",""reckz8gTcst6uDf79"",""recypH5KU1g2YN5FU"",""recJHUtCXINQ8tGBE"",""recXCJGvzXXCBiVt8"",""rec70Sb9Z9uEBXZN6"",""recYmjBmGv4EU7S8c"",""recxyjq4cd5HyifpW"",""recipMFy5RSCn6Owo"",""recWvf749LbbVLhUq"",""rec3V24aW1kHzjkwd"",""rec5BT9dn1C4ENApU"",""recg49CHwzKLuRtAg"",""recvxLm7P4QPArRsU"",""recPTGqrtodIk5LAR"",""rec51cd6NXtMvjJpY"",""recrKZkbhw0U9TOMz"",""recwoKN4ImnTIlNAK"",""recnWLuQsva2JGKbB"",""reclHMiFN2Defppe9"",""recx797ncPZUvB7Vx"",""recCfelt2TJLCRyJw"",""recT4KV7FjuegW0SZ"",""recoHsNllauCsFvRa"",""recZxjh3GKMDGuzQf"",""rec9cP46jnaeaRBt1"",""reczZW6wiH5KZZyWF"",""recGdvi7HRpuFf6Ic"",""recxULcYNOjkHmnJj""]",V_01-28-2025-00-00-00,2025-02-09T21:43:29.000Z
reczWby8ynKcMq1CD,2025-01-28T07:45:49.000Z,Food System Adaptation,Active,2025-01-28,"[""recRdt6SKXz421d0L"",""recqRIcbHrCSR3MO4"",""recqOUgf1kanNywCd"",""recCUbEoy1UPRDJ7s"",""recV1Ft0osjOqoZwv"",""rechWJSouhxyCyu2I"",""rec00TS5c2otJF3zC"",""recJdVAc7xQeknnYW"",""recHXYokf5bUwDB2s"",""recugiCCFO5VkhlqQ"",""rec9wIilhDq1tOCGu"",""recz7SGnisK1irYYl"",""recYjt9u3e2U7gdtD"",""rechapLWZkjudJiXf"",""reciWft3LftQYhUKJ"",""rec6tA7tPlo2qdS4G"",""recFQYElv4J0OrW6Y"",""recgKw8lsQZssWapB"",""rec1XCVo2uKZZ3A91"",""rec8WfG7K1M2OxDtl""]","[""rec2TcM0AmqEZqSw5"",""recGsqPVE4XVYnckd"",""recd83U76EB0s3otZ"",""recqkZhvK0PaSjVBp"",""rec0XW6cYOEvQt9S8"",""reccqJT16SAoKbYdz"",""reco0f5jjNHbVqBhi"",""recMDegHamug284bW"",""recroar0PCjB4ZgKu"",""rec29rDJeCcdL7nOI"",""rec6LQ35VISoZtBRS"",""recNbYeF1LULvT70g"",""recUJLsloyuKkKlQZ"",""rec24Kx5aeFGTwuBl"",""recU9zDyiFX9Iqxb9"",""recmKai76GtFhXF2Y""]",V_01-28-2025-00-00-00,2025-02-09T21:43:29.000Z
reczirxn83VMd6Ynt,2025-01-28T07:45:55.000Z,Adaptation Planning,Active,2025-01-28,"[""recJsZSRJ8IbzDjnt"",""rec34TimD9KER8324"",""recSA0wiGBiOEceub"",""recrKnl1Sx565HRKg"",""reczJNIOBxv8UfHAT"",""rec6LKDe4b4ih8o89"",""recSBQKKTEnFIXFri"",""recZfvhnM8kI6fL4f"",""recU6ffbToYx4F1US"",""recMeKoCMNltyqcRv"",""rece9lHpaPPOJKhsD"",""recA65SBaYO7EFOxX"",""recUJ6jApb5YtOHWo"",""recdySzo0a7GjCRjr"",""rec35U73tZ86pGbkI"",""recLwgpbTck6uA01Q"",""recW3FIItQoNf1BdV"",""recWov30EpbgkzPBl"",""recErB9g48nn7tskP"",""recq0DlEBQzAyOz2j"",""recrUQtCy8BNxLSQh""]","[""recpnuupfuYgAD6GH"",""rectwxggc56nauw8j"",""recFMCH25KWtvAtAn"",""rech7k8pOsZpaQDkV"",""rec8OtgPaxSEUMPYK"",""rec1inkWEDZr0rnP4"",""recc87A4F2mPjBVaa"",""recLsIhd1cPJMPDgX"",""recX1l4iY8jDtfRRE"",""recHsnuzgJoKYi0FQ"",""rec2FTh4cRs4YfvGx"",""rec461JHC962RwHcg"",""recStkj15YILsIjB6"",""recupAVBonm91qECN"",""recYJfNInFiSUDUOP"",""rec4JwURLWmdJ7IWc"",""recA3GACpik4WSWqc"",""recSVYIIbN83O3BJx"",""recSWB6lNU7bpf1KY"",""rec3h6n6P8SBl0xbm"",""recKOT0dP6OONKMre"",""recjFoZS6d7NIQ5K2"",""rec04oazTkurb6z3C"",""recEyHOCL766N3gmE"",""recGHqQbnUP8QXvFp"",""recoSE5D9mZBINdmY"",""recYGadCRwZ96ChAG"",""recxCMqJXdPs5F1Fq"",""recHKhXIox0lsq5wO"",""rec0JWEmmjjzsA7y5"",""recf7VMVXZScjeCjk"",""recQwAnZoVigRhvp3"",""receGcwrSBsKn2Bhe"",""rechlydCUJanhr0dd"",""recEO5NfzpJHGyVIn"",""recFhHJE3283aqLSX"",""recRD3BfA6tWUtRPE"",""recSNjGzlqBcaq0Kq"",""rectnLaWY0h4KPlAl"",""recG5N0WTQX3i4c1r"",""recKTopGKAzx95Fld"",""recKbThzjl8gOy3Ck"",""recLiKiiLPQL6QuA5"",""recmqCVw40i13VgZb"",""rec8LEObzV2LNo7ot"",""recpMSbekjZKA9wgL"",""recqDc6FbzMDXKpLS"",""recSMTvpNJ9tGQjgw"",""recW4ggjfExmawNPi"",""recidGU78ASi0sHUK"",""reclT1zM0RZAE2o0s"",""recAQmDoWkVfGtdCB"",""recLkWO6bf9WSAOs5"",""recYUQoYySl14uaSx"",""recZtz9hfuKSDuVEX"",""recC0rLIm5oGNea8A"",""recjOyNRGfwMegyRT"",""recxBqcHUFYB4dafm"",""recCQ4G4xtatW0aIu"",""reco25bXFXVpz0xJM"",""recshdwYHojSHqGq5"",""recsHhjvS6TAvKehv"",""rec7Mz24BOMn0zx6B"",""recCLBju9m9lrnE4r"",""recDII2rPOl3HCYqw"",""recM3s4syDQFtwaEG"",""recVLGt26MLJUIrub"",""rectP3xKg1X0nLXFA"",""recQxyzUOmVmHbb9W"",""recvFr3DcbOvM7AkP"",""reclE8QGEVWQATn51"",""recIun7s02aitftM5"",""reckUfnOdhKUOwo4c"",""recDxSRfCVjAOeydp"",""rec5c46E2rwiLqK8c"",""recdqJn21LP7ZFTXJ"",""recBfIxUDkk9QeEWp"",""recB3N4XzXDNIh08T"",""recMh7x0dd6dXWCXF"",""recEQxT3GSquiGgbw"",""recU5yImVVw7TTGc1"",""recUAiBU0fR1CoiDx"",""recfY2fPoBETPZmF1"",""recuUzJsPxdJzQ7mH"",""recazFGVRyDQXAxBN"",""recbAzv8a0RH95SZJ"",""recqGbxefTWyCGk2p"",""recY5o4qXew3TP4YC"",""rec2lM1PTjQ03zFCz"",""recHAIjzWgOJcbwoA"",""recKqPaUS2I3IQgNw"",""reck94UmUGchWHqY1"",""reccrDjmoAztner4c"",""reccQgGxSHvZDQGYw"",""recdJdWhyAf66dA6m"",""recdCArfotIavAWGo"",""recwOMzuA2tjTHF4l"",""recADFKDK5cVKILDD"",""recG1iz9EDJyo7PlA"",""recVqSHzJB5pRaV0i"",""reclBYoypveufWZrC"",""recwlIiAxJ6l1FHRW"",""recR69SijAEX0W6wc"",""rec9977oypKQyvha0"",""recTBCuwF9NPAFEvt"",""recDS7Kn06HDxlFVV"",""recwgqJXIz5Z9PD2m"",""recsCHaKZs8KPkggR"",""rec9oNrdvHlVoZLoR"",""recwUktFiw15gXoQh"",""recrwLKFUMN680gPa"",""rec3hhP2uWptZGt0q"",""recw9XC0U5TcGTqX4"",""recNc5RX6nmajZ1BK"",""rec0S3v06Ygs6QN9r"",""rec3atrLQt1wPeXa3"",""recedNvITmeFPTPzq"",""receROHEhJdaYTkTQ"",""recxXgxUrbze7geAh"",""recS221ORkmNdxvvc"",""recmK3CpRjPfs6njk"",""recsG8bPbEFuANyNE"",""recW2keWc2hhi5gO0"",""recZkZu1jqt6xshNe"",""rec3Tyc8aoalLGxMj"",""reccE0BGbV5UiK2Xa"",""recjRlK7YwSoxJRZS"",""recGyTVvLKvbIakN1"",""recMcyznBXdYdXzhz"",""recqC5IS3piRaeduo"",""reccf70ESDLtaNihb"",""recnQZijevzdxTggC"",""rec2vgKBaWih4cClR"",""rec5MZZTtmMO90VpV"",""rec6aZse9Lj855KXk"",""recEqGn3kTRK3mzHR"",""recHExTp7ifVSQ5Kf"",""recQFbSLDKQBA5Puz"",""recQLa6m6bionf0pE"",""recRGR35wPWQ2OxlG"",""recUQIwmVND1T93B3"",""recZ1jBVt9Cwg8I4q"",""rec2Vx0fxsMuPQLCw"",""recn8f22pnfLpcAop"",""recYnKFYtS9NvT6kh"",""recmOBGGtl31evoDs"",""recpFKGfJUBgz11wJ"",""recWp9NFzpDhpZsI7"",""recZZjuLDlq0QFUUJ"",""rec3gWukYyAGe4tJE"",""rec3PNzlKVHSGsd1N"",""recC199MOD6Cj3Rql"",""recLGN4iQbuf5mCgq"",""recexpmMKjDtZt2jR"",""recGYkIJEm1uI1ecX"",""recUZ3CJbL8H1Cm0L"",""recMAR9SpZfBGRZsg"",""recVKb47PNbC7Plnm"",""rec4NBGpMcyOJoybW"",""rech8M2ihVtMsSBzM"",""recRrDhg30G1QHwEW"",""recQKZaPehgtnjAvX"",""recuX3wsh7tU7D9Y6"",""recYPsW7ap541CAaG"",""recZq04YyuuFHrtZK"",""recihuFZ92wYmqVU9"",""recZQWsrNNgR62Usx"",""rec6r9esC9wJABJSp"",""rec7O27BFjLHhz7Dv"",""rec9wRGuqe3wgmvDS"",""recOGbFYfeb1o2ASI"",""recQgoteSaml1d9XW"",""recbqc6nBhkcpWvxs"",""reclfs15ZiaTPf2JY"",""rec39NAg9fPK63kv2"",""reckLfzJH8V5oFkwk"",""recVriEY6I15K7GKF"",""recsvdJoqvs2OwrlN"",""recafL3k0Pu1f97xW"",""recMm704JvMGMKyX8"",""recpI62RXleWWSGfA"",""recAofMMJ5qc5Adwt"",""recSugtX0omkrARu8"",""rec3825uBhoxVPUHh"",""recdwvFMemNkgLqMr"",""reciaLWGfORI3WGiQ"",""recjMYSagFyVO27C0"",""reck3WYhuJ1yz4HPa"",""recbPzXthLbzt4wC3"",""recDUFNulFwOLhlhB"",""recYrNw9TBnypTTc9"",""reccqVskobgPoNmef"",""recHXBM118svCRT20"",""recmoriLQb0qiVEsq"",""recK6FkPJkmOZ8mKV"",""recSgqbnpvauIYPew"",""reccQOTWUNFFnFYeR"",""receGooyzRlFGm0nD"",""recQfnatjnj0EZxgG"",""recMFLMvIOHMjXtRp"",""rec9smjOWqh3t0QEI"",""reczical959rJJCXu"",""recJuA9aA3GIhW9xN"",""reccsbRMiocgijKSE"",""recfjrStpi4caybDK"",""recNmjrmAo180U4Vq"",""reckS2nuoBGhiiAU3"",""recIXdBeE9AhNIfw0"",""recMpIabTocKNjml2""]",V_01-28-2025-00-00-00,2025-02-09T21:43:29.000Z
