id,createdTime,run_id,start_time,end_time,runtime_seconds,files_processed,extraction_count,pages_per_minute,total_pages_processed,Solutions,model_temperature,model_name,Status,Created Time,processed_files
rec6EZstJhKvqO24R,2025-01-29T15:31:34.000Z,b88ac843-0b2a-49f6-b138-6466a1d46fd6,2025-01-28T22:51:45.443Z,2025-01-28T23:29:56.092Z,2290.648784,8,362,34.47,1316,"[""recBZPs3f9so8LdoA"",""recmKai76GtFhXF2Y"",""recipMFy5RSCn6Owo"",""recG81Jo8jIlVsnRy"",""recG9i6oR2QMtC6zk"",""recITZM98NBQ55Xg9"",""recOkdBk0KLiH5AwQ"",""recVmowPI99hpGeP7"",""rec5ss6cwWvew8OxB"",""reccLy891ZOvshAPZ"",""recx6WZbuGpeyvVPT"",""recYIGCYL3Ju0hdBY"",""rec2yrqZWwvwVrMuc"",""recbqc6nBhkcpWvxs"",""reckb08rfHnIXjSA9"",""recCNapLxj66XENiX"",""recTzspetsecpHUz7"",""recXEYf1ja2CFRA8X"",""rec05w104r368X6Eh"",""recbJI1vuYgYjoZV8"",""reclb9o4LRHA5F3hj"",""recxZRxFIVYu6bbTm"",""recCeWI0e0XVd2Zvd"",""recnKPoOy8RyvgVEG"",""rect24zYBnQd99v0d"",""rec0Z8ULBfBMb4k1J"",""recby33O1Bj59KZYs"",""recdXC8vz1mRBNe3k"",""receeJFpRux1dnQEe"",""reciFLTpXlX4nonuX"",""recHwI0SKJuzCTjUR"",""recIDqaTjx98O6Kqi"",""recSrU4mLAKzaQN9y"",""recmD6fSDPWPwf2Mo"",""recXxcfE246hp4EQx"",""rec2fl1Bu3Qxmy36E"",""recadxbuxhIzEtFut"",""reckLfzJH8V5oFkwk"",""recS9FR2HiNjUvyzg"",""recUWgz9Qy25y2q7r"",""recodrjHze9Gt6PhB"",""recsvdJoqvs2OwrlN"",""recswxsWiKGLO3OZf"",""rec09pRxaC08aXn1j"",""recafL3k0Pu1f97xW"",""reccvhFNrP7WhXuOf"",""recdTNYorEwuYFsUd"",""recesL3wEI2Pv5vSP"",""recFss3VWz6y2lrAj"",""recMm43JUX97ooPvy"",""recMm704JvMGMKyX8"",""recM8RIkWPnqQlXgF"",""recO7v7IHTt6WISdc"",""recpI62RXleWWSGfA"",""rec1Tltehr31qU0LU"",""reca5DXoDpGsraGoq"",""reccbKv7wnuJOZF4Z"",""reczxBo0WpckpMwLt"",""recAofMMJ5qc5Adwt"",""recFottSgTc7Jeflq"",""recLmANB6DLWfHZuF"",""recSugtX0omkrARu8"",""reco8V84F2smdU4BG"",""rec3825uBhoxVPUHh"",""rec5lOGdfSFTEQhVO"",""recFt0DgggT9FMhKD"",""recHjPHFYuz3vGFbA"",""recoD30Z5sJyb4djV"",""rec51cd6NXtMvjJpY"",""recD2FlQeRUs14KMp"",""recMNXrK1UjY3OVRp"",""recQeXssEX9yFoTxl"",""recnIbhAmx1RgDK2r"",""recpPN8mYWaJgtc6M"",""rec5PPMBC43gvjTqj"",""reciaLWGfORI3WGiQ"",""recjMYSagFyVO27C0"",""recwoxjFBBe5tjZTC"",""recxU6tEP1LjSrgHJ"",""reczgogab4jSXYXx4"",""recEY0Mj5GVfDlepr"",""recIaZyiRrnCUmW8z"",""recM1qRMipNhIbPuK"",""recRWZRDVEca5jnpD"",""recs5XOvVFmhFvWK3"",""rec3rMj8sasGqlL08"",""rec4rY5IBY5jEeOiE"",""rec45w96DtlAk3X5R"",""reccjK9SOdH1aFgFq"",""recvWBGDHvamL1bm7"",""rec1rXqtJQrnQzB55"",""rec51LPY2tyPxLWe6"",""reccuXanSp7X0OL2b"",""recgcBUFuN3VtaFbK"",""recyv5OktdnqWXTOs"",""recCVnmfOY59v7c3J"",""recKref0Noi53F5wI"",""recUGZDPiyMI9TRoj"",""recYrNw9TBnypTTc9"",""rec7hT5opGi69oDP7"",""reccqVskobgPoNmef"",""recmoriLQb0qiVEsq"",""recnFVtsvSEWKCEhw"",""recr3JQJeVtEDxTFR"",""recXVK2uSOIcTwWfG"",""rec2Xj6JTDytKs7nB"",""rec4hgdi1veaZRAER"",""rec7dcevOc6k4SpMU"",""recgBkxyx4IaoPBDN"",""recjv9vanBUGNbo4t"",""recFMkRmpVHq95LNl"",""recIIhWNuERnySUrh"",""recKCtkWqYb70IsTO"",""recKPsOsfHRbQB3LN"",""recK6FkPJkmOZ8mKV"",""recMwWrMjCn6Ca6Bp"",""recSgqbnpvauIYPew"",""recTznN4QlbNWWK0F"",""recVG0l88ECO6sixi"",""recnnk1A9tKF7YOrz"",""recfr87tAdpTHS48N"",""recgZEMnvL2dEbWGx"",""reciqYr1DO4lH36ea"",""recwzdd7UmJmt61Ct"",""recKTDIZucoSTkWvN"",""recQRqylZCzmLigqS"",""recUECSM1Fh4uSv7j"",""recBBsJ4sYI0FcCde"",""recDCa9Y5M1vfwZjO"",""recG2RwPwJdvurwWA"",""recHmObZYzmgtlV99"",""recLYGPW2L5ugezFk"",""recouY9tpZixVuvP2"",""recqL6V7urpRzKDno"",""reccD5em7fzACOtw1"",""reccQOTWUNFFnFYeR"",""reckzV1KfzLNCt47E"",""reclDFyoyeqbtVHIH"",""reclHMiFN2Defppe9"",""recUsCdT3zY41lKz8"",""recUtX7aSIXMxHG1G"",""recmko4pNnLKullTV"",""recnbHmzSd6OcU1Em"",""recooevkTKM1JogVp"",""recWv6cIfh4pw7QMX"",""rec2E2Tt5iTmg34Is"",""rec2GEWoKffcgk0Az"",""reccQgf8vl9nnI16K"",""receHVRO7Fde4dBt0"",""reciwBwcqZIUlq2Q4"",""recx797ncPZUvB7Vx"",""recyh68oYg2btj0zX"",""recCfelt2TJLCRyJw"",""recGBGMt8onynYDRc"",""recJRneRGF3Zia3hz"",""recO3SzjSSGWfozCq"",""recoHsNllauCsFvRa"",""recZxjh3GKMDGuzQf"",""recZChvxBDaWZklUv"",""rec9cP46jnaeaRBt1"",""reclRHt3ODGaauHj9"",""reczlbfizlhga70pq"",""reczZW6wiH5KZZyWF"",""recMFLMvIOHMjXtRp"",""recNZZNiNVr1lGv8u"",""recuUiMl1Vu9enFTw"",""recu94CkX8pcWTI1G"",""rec8ttDEixqtFAp8f"",""reckP0yPD6QQy9Gzu"",""recDhNbCd8VHD5Rrf"",""recDYu5kEGuGFijW9"",""recEamiVC5J9XO0ji"",""recLZyCPI3Vf8jNOq"",""recPt8ks8X9ZQEy2Y"",""recQ22jXEFX0S3KWY"",""recpjjMgolflbbuIV"",""recumQ2Tb3gKRtL8w"",""recZM8mPrO9EIiQSm"",""recZg3Q8KmHkSqi4I"",""recZcmfCVOKRjgYvL"",""reccsbRMiocgijKSE"",""recefDn7fPLFjZ8TV"",""recfCZT0kaTSNkvvy"",""recRAYMexYcO0Owia"",""recoE1S51RqC7G2xn"",""recW3fjRO2xo6u17s"",""rec6rZbudxZ44dq3c"",""recekV77GAEBcMs2c"",""recfcyg67vHnhWXqf"",""recgniXZ3TZy8XoGm"",""recxULcYNOjkHmnJj"",""recCdSxVcuXWlyyWq"",""recEgfQPsIUW3qkLq"",""recMnIROg3ZZXg1As"",""recNmjrmAo180U4Vq"",""recVEGrsMHHuG4Psg"",""recp08wyqekax1XDl"",""recWycgyOZ6UmAG9C"",""rec34YB4CE1Yb5A5S"",""reckS2nuoBGhiiAU3"",""recAwfKkcpzTHvbxp"",""recERbpFeDSDqd4cG"",""recJMR3sqWF35vKeh"",""recmJy6qoh6hkInxP"",""rec16Ybnx8gdzVUrZ"",""rec6sfIi1BXGj4FWb"",""rec9omNzNQkGq5R5y"",""recbifEVTDzStGu9T"",""reccA4mc4AFR5Ir1v"",""rece01jXvzpkdWxwE"",""recivkP6qLWgunysg"",""recwVM2zO7Mf0ftdc"",""recx2ivQOTrSlD3oo"",""recBlFuVKlyJciINE"",""recDpVPLIODKEx72B"",""recIFvfbexnVX41Qg"",""recRmFwBX9gSkAccF"",""recpb3L2KZqBEzK4K"",""recYoKn8rMrIJFDmT"",""recgQD7hz4a6C5HyM"",""recgYnTumjLlPGa3O"",""recAM3SLbIrXwBMMO"",""recC1GY5Juz1F3ms8"",""recoA8bCjD1NVH4Cb"",""recWZF2z5qVimd8NR"",""recCTQ0Np5K9ZrLlL"",""recMpIabTocKNjml2"",""recMSKgBfU0IBvEX8"",""recPkew3gAbDYGyP1""]",0.1,gpt-4o,Archived,2025-01-29T15:31:34.000Z,
recCPQbJOuYms93PL,2025-01-28T18:40:11.000Z,f26a491b-9d90-487d-926a-e156952113f2,2025-01-22T22:13:01.176Z,2025-01-22T22:38:25.861Z,1524.684964,9,482,93.42,2374,,0.1,gpt-4o,Archived,2025-01-28T18:40:11.000Z,
recNS4CMKQouGcpfy,2025-02-18T16:17:02.000Z,69b51aeb-2793-45ae-bf19-ad85e3d70ac0,2025-02-15T10:39:54.059Z,2025-02-15T16:13:48.366Z,20034.306147,8,601,3.94,1316,"[""recdRaZqjSNK4G5R5"",""recPeOKnmO3q7g1yP"",""recqgmvdEsA6PIrb2"",""reclFjcUS5o17Sv6u"",""recVrFHZwgqH8SduP"",""recpOOVMQq2I5GRkG"",""recJnjqsAmymdt7U9"",""rechDVNGPpowo38Q7"",""recWv4G9bKMXvFaNo"",""recrN6OT8Z8yIokPH"",""recJtH0coZ9APr6qi"",""rec82r5AGCvhKBmA0"",""recLMYxuUK4e0UmSs"",""recvracSpwClaF03j"",""rec6vQecNShswBAJC"",""recHRlpI5UC9xL9ST"",""recRqScp3FLG6ZRhK"",""recHzRFdtj56JSChf"",""reczh2EjF9LjZOGHo"",""recudieIbVFz8GnIq"",""recd5cbpC7u9U5M5j"",""rec8BnPZoxaliFIjN"",""recHWTVCwADIHdskp"",""rec3Dssx2o6Gc4E4G"",""recaceB5WLcWooqQm"",""recCdmaDUJcn5DnpP"",""recAwYAP5t2gGef97"",""rechdEyQvYu7ctV7z"",""recXrnJXENaadPRur"",""recAldyirPaSDB441"",""recaskXzy4zXLZboj"",""rec00JPcqJ61uuwvI"",""recdtZG2Yh5oXuGih"",""recRFd1GntZTBGbHB"",""rec7l1Ut9ztA9Tvb8"",""recs6UUgjh55NAYWB"",""recq9ofXw6jklCt7C"",""rechsxfPIsZkNmQjl"",""rec84MGpWAyWUQ9sG"",""recZXzsn0lXMMrZeO"",""recOxsxGitlbXfwxk"",""recziGNevYspO2t1D"",""recyw263n8Ba4EA5D"",""recZhVLtnIQRbEhnT"",""recvZs7uLioVskZzD"",""recYXP5O1tFiOPDNC"",""recuZd6j4u8Mp7YDu"",""recNNjHx0ZJ3Sauc4"",""rec3J6PMeRIeCSFRn"",""recF1WFgiUhiE7BFI"",""recmbJVudLwb4v1A6"",""recnOGP3OdA1G4klf"",""recLBOP4dCFUrrM3M"",""recvAZtzt9wtx8CJG"",""recjYxBmpw4gtrNuO"",""recYQGnKSAoN5kMNZ"",""recMoBnoTS9xEXvBd"",""recp1PG7QyHVw35Sd"",""recPKZ6f8XrRlM9bj"",""recY4KjdiXKG5hkgx"",""recMBiAt1MfSTji3P"",""reci5Vi9laX2TgvvF"",""recgnq2xp0RA02crF"",""recQw8rmkNJhD0ZS6"",""recFDOIhG3yMYXkWF"",""recxwwkwznBlE3fHW"",""receQyRT5L7Rx3ESu"",""rec60phdqQuWvJYJj"",""recX6RBTqMgASnfyK"",""recbyDS7CRxC1GGxF"",""rec2UMrp7UwAoF7QK"",""recQGAJ0brnDPVrwX"",""recKlSow6hzKyKuZS"",""recvfnbdAyUNk2FLZ"",""recyFCVvrNr23Y7dH"",""recMTULTkNpEJe0Sz"",""recoFZiaqCiUloc3D"",""recblqKRWri5pPPH8"",""recLT1OPZhVPxY11E"",""recEoccVcvwvEa2hy"",""reczFkjarWpDWa969"",""recpyeCjrqKkxsyxa"",""recRsQuhnJ0ZKWRLv"",""recywTqHey2LN2t6a"",""rec7onTXFlGfPh19z"",""recLLUZgJkRIDCx1x"",""rec4Uz8yOSE1yjNZH"",""rectoxmnC1dP11uTQ"",""recy1ytA5nbfmOhHE"",""recmuzLOvATAPlKQV"",""reciSs7vVBmVnNKkZ"",""recYsu9vbin3OCE99"",""recCmV5GoPll4XFPQ"",""recQ5VSGZW3WJn1yJ"",""reclW5OHnpe0taE3R"",""recTQXjvLGClAwqfV"",""recTlFao1lxuwniRr"",""recIXdBeE9AhNIfw0"",""recY7R0xRLvUdoScz"",""recH8Hum6DKTPE5LO"",""recSOLwTCM923SX81"",""rec0ayblty9uIGeBe"",""rec3NUtHnsj2B2Ig9"",""recYq0351ry5RM3NF"",""rec6zzDtpi6HwitJH"",""recwACgqoMRuUedGZ"",""recmeN1OKrEMZuXbg"",""recsMhut91SCQygiE"",""recd2N34c3S3BhsCU"",""recI65ZxjGzcRfQpI"",""recPJMhaFZmyAbjFu"",""recs6pX535cpZsF8t"",""rec6TVTgfYvew9eAw"",""recU1bPBRa0bfBVci"",""rec6oTJ24Rm9dgiKn"",""rec4CtRP752LahOKH"",""rec4qK0zd1aClIIiZ"",""recesP57clwgztVz5"",""recPqaiGptgfRLFcW"",""recmAI9h0nNC7tWP5"",""recjBxVBNgwu0tMyv"",""recgbzU8gl7xRu3SW"",""rechz5fJ3IqidX0RR"",""recYzxRS4MUwEw9e2"",""recKHQuHDOY8tspc4"",""recfjrStpi4caybDK"",""recIroYvrqGkerc1z"",""recnuVznIhpcuUstx"",""recuxkWMlJoeOvrrV"",""recngI5KVhF80yHER"",""recmi1AJnj9eOtGnG"",""recZjW8vfF3V7wjsg"",""recFJt2nCTfOM20Hq"",""recQ6CqksCSWdTaAj"",""recdub87EpZTGA43I"",""recQv8VH59gw5Xqwg"",""recA06GxGr9wY8N1L"",""recuc7RTcd5DI5XII"",""recjRYVkaDkwVRyPP"",""recEbk4q8MsissMgc"",""recY8Sfzluqfy7y7C"",""recXjCZkyiYsBobC0"",""rec6M7yauHDEGW0kt"",""recY2caADdn5aJIep"",""reclslx6nnpwfeEIf"",""rec7OsCqfAXx6RZIN"",""rec7RbsOMCUoRPyCz"",""rec7HtG5C8zE8rMRI"",""recjqvsOoZQakNZUn"",""rec4DYK51smlt0auM"",""recJuA9aA3GIhW9xN"",""recqxeWKx2ZzQ6t4h"",""recjjvDtoNYqTGrIT"",""recI7MJJDTPQrsi70"",""recMB0g1Of4bBv9pB"",""recmAIi5ZnEr9N4fp"",""recFyxN4YeBbKApZi"",""recgfp0wfhrnWNzio"",""recFsxeGQxGClmM30"",""recqkyrh3KvU7uw1o"",""recI8TOP8bKPD6WUR"",""rectUAJX7BtnsBarz"",""recAVjGOus1kam9Kk"",""rechHqFxUcLNqCeI4"",""recPhdXfpLWi4aHDf"",""rec0EX3rCwYC8jstD"",""recy0NwEOFRRMXCSK"",""recEL2eZMNw0DocuN"",""recNNBYnwiKs4RBpM"",""recqYQNs5W7ewaWn1"",""recGdvi7HRpuFf6Ic"",""recNEXf7ev6bpQIzd"",""recKSIutZ7MDhUvgH"",""recZYVMkJ4B2mEdbJ"",""recWuT59K2Dk5vl07"",""recOWvRAniFmOduME"",""rec5blHkxILERVDgT"",""recHX1C015sp1kLPJ"",""rec4NGDMwbj4its5y"",""recN7VdLDz3mhEARl"",""reczical959rJJCXu"",""recOacSr6QahRBhzv"",""rec3ZlNwSUYDrshHL"",""rec9smjOWqh3t0QEI"",""recmwYUwk7gQRCyvm"",""recYlqW0Ujbocpvja"",""reczR0pvSo3dc6rmK"",""recPShCq3tNxjJtEe"",""recAa9GUla7zYYs6l"",""rectSDjk0QHMO2fkD"",""recGndpEs0Rd5FTLY"",""recKMxAuU9V0xUkTN"",""recIRRmIBv5oVec98"",""recKTI5WZ0BpmOknn"",""recqIf8HOueQXClRd"",""recbxezlgcKythxnQ"",""recdo4vkccRI6QPgr"",""rec0Gu27LMtveJ1Cj"",""rec1Pl0Ch0UmntyQt"",""recQB2hYXjWzVtxCQ"",""recf2Vafyw0qGcw0o"",""recEOUTrIV1IRjO8Z"",""rect63dJnmMnaCKwP"",""recGippBDhbMbbve5"",""recxeuihC8CecKl97"",""rec8ejFPRlDlXKyPZ"",""receGooyzRlFGm0nD"",""recHJZwVOQVAxXzXI"",""rechNkzuqfdgdpY7f"",""recm36VihrJoEwxFQ"",""recQfnatjnj0EZxgG"",""rec2iVyjmpReG66tP"",""recBlj4qTyoRrnRFw"",""recT4KV7FjuegW0SZ"",""recB5pD3NzkWTRZ7A"",""recqKPGB06ZqmZ4ke"",""recubLlGel2Rz6ZKv"",""recUMcUJWkbw6rY22"",""recjHgDyqDf9gTozr"",""recoAwdIMPaM2jRAO"",""recCGDPYOAfWphNbY"",""recQy5KXIehroS1LV"",""rec0N8awYj5jVJkeu"",""rec184e2LqG4uqx0k"",""recINugAD9xQPR6Da"",""rec3w9aAF9A1YZM28"",""recdGUqnc8YtpI8Y0"",""recgze5AoAZUG9kfP"",""recAxzuzFQkeA2hC0"",""rec0NpIEWzF1dZYtX"",""recYDsFvGLxNu41yj"",""recgVKPUEFEqwFy38"",""recF5Zriub4i2jCUG"",""recnWLuQsva2JGKbB"",""recfqEhiZBY6qdlIj"",""recQRt9Jr5ViSEedd"",""recX17JtG5wGrscrm"",""rec04BHIRP3hOJWsO"",""rec57AKBh9iB0Vnm1"",""recZOhPVmbVUNXN3x"",""recuJmpdwM6r7yDmH"",""recoX5U39DxfNzr6p"",""rec5wO8Ns48nS3xST"",""recF6UGRCSg4Ekdob"",""rectYRMOE0L1N2uZR"",""recshT1cH84bd3NQ0"",""recgpTFEEupE9HDQe"",""rec2SGzxaqckbUtJc"",""recpdPwak8rAoUeAy"",""recPwJ7F3LvMTDzLr"",""rec0TpNDyBBipFtM7"",""recrKZkbhw0U9TOMz"",""reccCykhIooae6FCg"",""rec6QklA9i7exVXx5"",""recCbjyANtv6jHu20"",""recio9yuHVLAW2fJj"",""recbeB7OjV3mvCuJ8"",""recPALXP7DTiCYDIl"",""recJBbGz9RGpY6Gxg"",""recwoKN4ImnTIlNAK"",""reczqxYBx9INZuAuy"",""recxrsuhJlgcrYGWR"",""rec6OH5FiXr34QJKM"",""recRSDT2OJH2kTX0d"",""recn8f0gMsIFap4KR"",""recYoIniHs8WBW7m7"",""recknpqDAU1WeNXiY"",""recDBPLPVtvD2SZ3X"",""recJyaW31zkORoR2F"",""recX6Vtc4r3G1VZKd"",""recC7GezmBlDyPAA8"",""recHZhhleRNdMR9v2"",""recLnQiAtPb1hxWPd"",""recJFycImcGUEr3rD"",""rechRhCogWUwRaFZe"",""rec1nqKndJQfyudSO"",""rec71Bea2mEwLhbGE"",""rec0eC9tkHVUPQM4X"",""rec1CO61KWCOJiWGK"",""recdSbEpCMF0SWWIZ"",""recaS1htMVbaGkSWl"",""recPIiEBhGDHc30Bc"",""recBbYCKJEMvoZORA"",""recZ9xCOgAi0xHYLh"",""recKBPGx2arOylxXd"",""recKQTj2FW9rujTex"",""recOheNwqgIwLKpNZ"",""recLUsIkZdBzsxSwg"",""recnmgjmWBcFk1yqp"",""recfb7YrqIoYS07nE"",""rec5HpswhVdGI6tq8"",""recBokTC9TJCdNA1P"",""recowg8V8J7qQtu01"",""recYkOG33hDVbyP70"",""recECBOOe6MbM3Pa0"",""recwDtSq8GlLT2lmn"",""recHxV8GB7qHFggHu"",""recoHcXtYCrLP6XOe"",""recf2udoAFv0OcFe3"",""reciUsO20CWzHAnb3"",""recvedw1VkSch3CQb"",""recnMOfCCEwfnC0Yn"",""rec1FxJEhHlUfMbEU"",""recIHqSE4gnu4FogM"",""recswP0THBfbyDxlD"",""receFFULHzZnXwIv8"",""recqRYuLsxz8te3ne"",""recwftHTdZuOlFNpx"",""recHXBM118svCRT20"",""recuroFeU01gEwbZo"",""recJcKNzQhARvAjw8"",""rec7m3YpV5K1e33LO"",""recPMfLWhAP0zEnvE"",""recNmg2LJOvkwRWiy"",""recUu2xcvtL3RleXW"",""rec4YM3TCxaK7iFe5"",""recZQf270bCLdkn0H"",""recWtP6Y4pRVkKeJO"",""recrFMR7NnHDpzOsv"",""recNQtjfcNt5dTuqL"",""recQotT1CwNnteeM1"",""recKOxOo4dMfm932x"",""recDi6QCydVyVtRLA"",""rec5TlOG3vdegsXi6"",""recDKA29HUqgf2BXV"",""recYwwpyjTFxyyiYt"",""rec2AAx7LNkaOe2fz"",""recvCKSM4U3FylNry"",""recOiCfSmv4ZJ9F25"",""recjoZxcwAr0hPsO7"",""recZccv0JHGnNWbpX"",""rec8OYUz3Ou67VxKj"",""recAb1uopM5AQp6eo"",""recTbfID3mQteUOhP"",""recc9a0JRrhOxOS84"",""rec54L9L0L9Paa8PL"",""recKWUzmFrE6MdpQq"",""recdY2XlF7mgXBphA"",""recmyxff6JxE9EkLM"",""recoHHgMdWyCEQngW"",""recHRk7PtdoFQL9jB"",""recJyk9W1I8D2ywzo"",""recDUFNulFwOLhlhB"",""recVhugDELdEcVsYD"",""recs6raDDBIr5DxXa"",""recNv8GnJHHnaASox"",""recOFMpYMyCFTSxen"",""recTyAf6vD7dEz5Y3"",""recbV0heQXbm6WEuP"",""recb8R3FbFip1J5Sn"",""recV0TTGdQby7j48c"",""recOneZuPvpIWmkvx"",""recOlKL7oYN249jI5"",""recaA3TGys6decOJc"",""recBzep2DVjAKhaBb"",""recMDGwF9RITgaOPs"",""recbPzXthLbzt4wC3"",""recI52gk6mXiQ53Ry"",""recd5IQMPRHZGnZoa"",""rec18JuBpqPMqc6P6"",""reck3WYhuJ1yz4HPa"",""recxgWVLDDAJt64OR"",""recdwvFMemNkgLqMr"",""recVkItvvUT0O3Cm9"",""rec1GcLB9s05AwpDg"",""recEj086wAs3SwCWn"",""recmzzGZB8frliec5"",""recO4HGdwhn1ZFS1D"",""recxb24CI6kY6CllL"",""recdfYNYJx4K4duWx"",""reco4ubI0LxIQTCTt"",""recz2MU8cRhskoRaQ"",""rec5Nsq3OMDK9hQh0"",""recoeTw079RiQ6CiQ"",""rechPRHgliio6dFjZ"",""recMv3JfdOYlF41cU"",""recHspOfTohnSLYMs"",""recvOwfr6HcD8ugSA"",""rec1o4Y0H3AG8PfNR"",""rec5fv5H3tjXstT7D"",""recpju90x6FDLL8AM"",""recXN08qjgnKOwTXO"",""recYPLAWjXj2O0qkC"",""recIjYVHFsVlZugVW"",""rec7VEYArrFFk52nC"",""recWZlhYDh59u4MHN"",""recuBGwL0wE1dWpUw"",""recuVUITkPVxqpd92"",""recZcaPbYrZHB0oEe"",""rec7bq8nQ15F724U4"",""rectcwP4VKzLNi7Xc"",""recNZ4BnTN7bK6MNQ"",""rec2RNAV9dpAG6PFS"",""recdPKPy0nDMI9i0p"",""rec51ezAavZD2RKJe"",""recOcUGcyW4wWlCIZ"",""recNiZvgg3U4cf2KI"",""recUralDoTC81dWXj"",""recljcW4jtmsAHOYd"",""recF9bDMIesr0sJ8D"",""reclfCBLkkPzbLvml"",""recloE5WAp6pgljsV"",""rec6P5XFutMS7M1LC"",""recMB2OR9fuL0hqRo"",""rec9E38sSS1BbJPu3"",""recDGD57a4uQHJHv6"",""recLNv4unWT7SURc4"",""recCcwypCEuzGA3Lf"",""recydX6lOxJ2UuIki"",""recOumJYbufSkDyAW"",""recMGSMeMprqiCJtY"",""recDWzPnmqpxhl0fO"",""rectpdavpapxqAcio"",""recxgnoUAEGbjLqpT"",""rec2RnkYmr7qzeP7p"",""recREkOGdMurIez5A"",""recdGYPKfols8DUfE"",""recxcBpJ4BxuvpjCv"",""recHnK6YX2rIdt8ZD"",""recfAnkHSXIvHg9PK"",""recg6siVfY4VYgQuM"",""recM5bSRGgHXKr4Du"",""recu2THTq8V45QhGq"",""reccbCycIz3Vg2d8V"",""recIrRifK8twk4AKz"",""recRMXbZG2bhHBuRK"",""rec7BRNjeNkDnw6LJ"",""recVWXf9n5T7PSSES"",""rec751ao4jnWtvkSH"",""rec8nUSyvCE3bht1y"",""recjMshjJpP6XDtOK"",""recXtieRIkG7d5H6j"",""rec8pANzSVMReaPij"",""recp1xz6ogvtFMmNQ"",""rec2CN9KumWBzsEoH"",""rec0kK07klqX4hcTN"",""recGGi6GgKLUIeRzZ"",""recst6KNe4KL4IjVX"",""rec4KNE7dev0FAqHn"",""recXCZdSfEOpqlQK1"",""recLmavkfl1qu2KiZ"",""recdZJUx23qCDbhtb"",""recmEOgo36tGlX83c"",""recVeWjGfZbUxCvdP"",""recvAgIe2qzBanJwP"",""recdDZ2dGFI2fY4Ck"",""rec3tQhoNoPCzxqXV"",""recMMCuChDb1LYnLY"",""recnBSy2udAFjetz4"",""recogZXANULZIGu4x"",""rec3apbARNWsMuiOX"",""reckNRwVH6gem8Weq"",""recVIScoY62lDiNkI"",""recHGgrcrjyfpW5Cm"",""recHpmhsJwW3liuMZ"",""recymy2T27aOLhanW"",""recxzO3hpp2xeZDSg"",""recBcNixWR2LBD5CU"",""recGYd0rc62XbTJON"",""rec3Ze0KlhNN9cVJr"",""recEH50GYOSRSw3qq"",""reczOWGpezCF3q7yR"",""recuIVWAqsXOUqpl9"",""recBZPQ0V9zKQWFK7"",""rectBU6YbeKDmg409"",""recszppJfLIK8x6Op"",""recsj70cnaK8XY0xL"",""recNi1QhVCsO7lVIg"",""recUv8BqTPn0WvzQy"",""recigHijHbY0uYEsF"",""recMFXhZ7ChsNBooo"",""recJZEY4e49xdf4oZ"",""rec5dtBEHCoDT6hc3"",""recLx3IiTVvvUhhGH"",""recFFbLebtHXMSzO3"",""rec8MMQkuykrtQ9Kk"",""recPOqUGwv3a0ND5U"",""rec39NAg9fPK63kv2"",""recPOh6Iqkv4Vl9mp"",""reckpqbDqjsJo87tv"",""recVriEY6I15K7GKF"",""recSQ2oLvH3LaATHN"",""recQxzjBeaMjFRTwn"",""recyXOzR7U2FDgUNv"",""reco5eLVzXUpJD249"",""recJJ6aEnQzlFhlhN"",""recZqlGXjhuIHcRQX"",""rec0DSe6TgGdfKpBG"",""recEab7ZtwfPk3vtL"",""rec2ruN8h0K2Lem9G"",""recCxWvSEznzFBzph"",""reclS5N72siqXuK5H"",""recN22b40iy9Zy1dj"",""reclJeUr4TEBwvo3e"",""recEshXipYQLKBE3P"",""recAdhOmPZssuags7"",""rec3scVKG8YzyyF9E"",""recL0tFKsGy7LXX1o"",""recPTGqrtodIk5LAR"",""recOKtJGptnWEnIkD"",""rechav2jQ91it5QTu"",""rec1P8bNRDzXnENCc"",""recaEFiHCWefiEUJu"",""recxovelCX2NmgfCn"",""recg54uxqZxNY5Jvu"",""recwR8IFfKYXqBIE3"",""recuYDC4tcrSyE3BW"",""rec6yxjL8tfBEyl3d"",""reczB7LbnSzr9rpN7"",""recyIQijoI2OKwhoo"",""rechCG6Y1Jmfh8oHN"",""recvxLm7P4QPArRsU"",""recRUVhmWdhmui5OG"",""recx5L76xOVj2bpLl"",""reczPSrHLUEHAGpoI"",""reccLULE68gWimtYS"",""recimL9F7UIPUqnLE"",""recYPcUtN5LTXVOc3"",""rectSoHbsCaA5dUGT"",""recmoFduX0ozwVzhs"",""recYOCH8g2M6bDqbw"",""reckH7jJXqVZ7UJqu"",""recSLQEGZpmSF5yvV"",""recIOSdzXbGfyTOY0"",""recul7SjYaWRCLWpF"",""recGcX09rGuSodYrJ"",""recMhRdWKgVRCRLMr"",""recQEeRroM0UbbIF5"",""reciHupREcJia1VUd"",""recBYOE74Q1d7WJnz"",""recPpDm4PITHPxAbO"",""recxNpfizazzWl080"",""recwuqBhJ94nYU4vR"",""recyPA11YkkOMEZst"",""recwIQDlUB8d5JTpA"",""recRzFfMv1JQiUGw2"",""recBGiXNdYpUurTQZ"",""rec6lxPukwenSnwh2"",""rectiIHYWLDXBP3YX"",""recz2TOi1Ly5sP14P"",""recsMFUK6FFtbVTKE"",""recg49CHwzKLuRtAg"",""rec4hcMw8qLt10L31"",""reclfs15ZiaTPf2JY"",""rec1rrYUs90ind7fc"",""rec5BT9dn1C4ENApU"",""rec3V24aW1kHzjkwd"",""rec9EhSFeGiDUnIux"",""recWU9xX21HrbWwzp"",""reca66Apxl2m5rBsl"",""recWsOv5kx91LqkH8"",""recmdLayxQmoiNHJj"",""recZfpHnW9U2GOiIk"",""reczRtqx3ZHPC04JH"",""recCh9gfFrcDllaTy"",""recPEIZfbDsaXrXrr"",""rec2hxB5GX4rzDtcJ"",""recP9OOnO58WC0ytq"",""recUCnSEmn5koiIPe"",""recADED2l7ynb5dkR"",""recDWaujrwDz83L09"",""recvaek0F8kT0kMW9"",""reccDGQL1DPojKivB"",""recHMdv93eEwlYG51"",""recHqEqLoVxq7ZONj"",""recAu47XtQwoV6pZI"",""rechVh8M3oxdLX62x"",""recwFYo1XyGmns4zM"",""rec0j4TP3cFGJoUVy"",""recpUA4fSYavomikl"",""reco76KYKcmsCR86X"",""recf5Ru0H91z0k1Ll"",""recOGbFYfeb1o2ASI"",""recWvf749LbbVLhUq"",""recQgoteSaml1d9XW"",""recEeVMmy2VAIXQmz"",""rec7lFGNV0swwuw8y"",""recPQA7e90PZI0ckS"",""reci1IwQndw9QpsDi"",""recRFT3RCJcix3eCx"",""recTFXVHx2fhVjEtg"",""recLqCg8o0oC78gJx"",""reco0f5jjNHbVqBhi"",""recJtJYFCiwZDUiGb"",""recBtYieFqNqzU3iX"",""recEj2a8sfh6vT0ti"",""rec8aQvCkQpHUkfkX"",""recCYYd56w5ovmlHK"",""recHJhUcq6lptHBIM"",""recFAj8xfw3C39Ecv"",""recz9HCeBYptCabgF"",""recohYA8u6Na7QFlM"",""recM0erFtUgK9W5qt"",""recoYBDslJrliczKg"",""recwgqJXIz5Z9PD2m"",""recvy59NQTO9k7RAJ"",""recCmg982ME7n8OvA"",""recuNbZC44sv6cMrM"",""recelQ3Q6BVL9SkFW"",""reczo76alcG9SI7Uk"",""recJ7Mx3qpsWUmu2O""]",0.1,openai.gpt-4o,Active,2025-02-18T16:17:02.000Z,"New York: New-York-City-Resilience-Strategy-English.pdf
Los Angeles: Los-Angeles-Resilience-Strategy-English.pdf
Pune: pune-resilience-strategy.pdf
Warsaw: Warsaw\_Zielona-Wizja-Warszawy-ENG.pdf
St. Louis: Resilient-St-Louis\_FINAL-PRINT.pdf
El Paso: City-of-El-Paso-Resilience-Strategy.pdf
Thessaloniki: Thessaloniki-Resilience-Strategy-English.pdf
Louisville: Louisville-Resilience-Strategy-English.pdf
"
recWpb3QxnEiVqlJo,2025-02-03T17:42:41.000Z,013991f5-6b28-47a9-97a3-a9fdafa63832,2025-02-02T22:22:56.690Z,2025-02-03T02:48:15.775Z,15919.084966,91,1306,28.09,7454,"[""recNqGR61oPeIJCaU"",""recAhRZ4K2jAt6puF"",""recaYX3onAQF7fRCX"",""recn1frZCoUg6AD5V"",""recJf6QC7z55cRbkt"",""recUPtIdL8IslBe6U"",""recfaacT5wffZ4K8V"",""recoMZ288tSuStZfy"",""recvcJZaJlGrQqE74"",""recGCGOj6s6I861zn"",""reckPIrHFe4xed824"",""recy7bRDJAMHdVAAl"",""recpnuupfuYgAD6GH"",""recj10F0KfvfGvhiy"",""rec0X0TObvEa8uBQP"",""recokMSQ636Hr1EKW"",""recRppElGXgOq3v82"",""recBifngBggwyMMNL"",""rectwxggc56nauw8j"",""recbDkbiNk3Jx3Y0U"",""recuxhyjI9EaaIgKd"",""recclJ3fcbWXJFEYv"",""recQNvlddssoqL7et"",""recUIdmNLuisbwZEq"",""rec2cVxmMSOshGFHP"",""recFrWmLcgX7twOxh"",""recZlUuUh9F72daAD"",""rec7wemjuv7UdzmmZ"",""recYcnP9jYHOVHbFF"",""recphTefXcFzv6aXs"",""recLt2obCOQ3vnnFp"",""recC3MByqVvJhmyS2"",""recFMCH25KWtvAtAn"",""rec2z9FSuwllx6Qwe"",""recrbNLpv144BqS9U"",""recTMCmvyWVJd6hJq"",""recTyf8dDOIFpYhyT"",""reckpxp76CwH3XDwG"",""recyCl4yqOY5znedm"",""rech7k8pOsZpaQDkV"",""recv3mFstdezLYVpL"",""recR4T5fl0HibiTxf"",""recKbFTRGXdekH9UK"",""recoslyTxYOFJ4qxl"",""reci29EUQUphxHH15"",""receqoLZgUYORxGOM"",""recZkyTF8AgO2vFc2"",""recL5koUCSpuYkAA3"",""recCbWtdXnS9fNNVv"",""recaheiz6m4h39nMQ"",""recWltyK1owOXVeCf"",""recgJGVtFYIj98JID"",""recY2e553DdVV1TRh"",""recf0kc9UrGuy8OsL"",""recR5onlAm0fFueN5"",""recPSknQczw1VWO4F"",""recBJtIgyNrkirw26"",""recZgmrtXKHuZTtCM"",""recpkhaQX9UOBPkVM"",""recvRP3wDcoN7HiL5"",""rec8OtgPaxSEUMPYK"",""rec7VYwJiEUCbFYMB"",""recfdDeepZ6axyt6L"",""reckwvIvLaW9VsYt6"",""recEAJsUjaOcsq2rl"",""recerskgcLKlXZjLq"",""recCkilT3ocwDTmRN"",""recrShYdqkN0w7WKY"",""recOQI5M7pHh8OqkF"",""recFCL9T3vX32Hkxq"",""recZf74ceBKDKo9ai"",""recWjGulkdRncArsS"",""recenM2nfPD13kULu"",""recwzxfABCDIlXYs4"",""reclHb2EMBi91f6GV"",""rece8PazLSVpEoksQ"",""rec45miuyKi4Ya5Nk"",""recL0nhAM4vq9Md52"",""receLd4fWM8wOGlGJ"",""rectSW2V7Z8gO6u2z"",""recLnrDd1ekKUta9y"",""recoyMu7eZ17umbm9"",""rec61vd39xtLGAv4w"",""recY7OQOmAzwaG3aK"",""recyi3JdtrW7c6Ipg"",""recdPkpr2n713yloQ"",""recTqLGHwSlej8aw6"",""reci4mA04zov12xja"",""recfMU4XvJTas51DW"",""rec9XqpcVbSkhkjGV"",""rec5pFEb63TnFIXCz"",""rec1inkWEDZr0rnP4"",""rec1ORO1hY6FJIuua"",""rec2TcM0AmqEZqSw5"",""recb59KzwcD0p8L3J"",""recdEcahZyqtFkGzH"",""recIHfOCxLFUC5H2m"",""recntIcM00cwxQdWD"",""recqvktjFvkuLn4qK"",""recZNhDmIcOMFA1XM"",""rec0Vt4MxNUvB4IPb"",""rec5wyOz9mUq90yoC"",""rec7OOfYPfUmK1tHk"",""reca2tTKgwMKRyhHT"",""recbzwtcu9yzNxCr9"",""reccw0u55e5pMVVHJ"",""recdea0I6BxAK1tjV"",""rececMJ1h1BOs0WJV"",""rech0NFWxu65j47BU"",""recinxoUxAAEFFmRw"",""reclMyg0Xyex7PxnN"",""recDSB6kBAlQsktNr"",""recGK1ZvfY4mA4UPQ"",""recGv6zmVUIjBZPDm"",""recH5q7Ok38Zkw8i7"",""recTVC7EcSqStXHCD"",""recomnFfi8ngHNi1Y"",""recoSkgeJqddGH4AT"",""recZrxldcoQWS8bQH"",""recbz72FDZZjphGFi"",""recdLLqOjE6rR3VVV"",""recfLnHqNhz3UOu7M"",""recx2fpyBbXp9z18K"",""recCoXQRV6kQnFhIX"",""recCTigEBfQca7sEC"",""recGhfHT3uTWmIroV"",""rec4IMIvy27vNr70D"",""recc87A4F2mPjBVaa"",""recx4g1gFo6wMpkPZ"",""recHzLBekxVnRqSnG"",""recLsIhd1cPJMPDgX"",""recLUPFptTm8taiR9"",""recOizwRw3BmeeOuc"",""recRZHloev3lq3zLN"",""recUf5hthvrSkmkE8"",""recVruu1lFKYGKUdn"",""recpZJ4Aogyg6iA0n"",""recrvb4kUKQIMslps"",""recti0tW9XklJvoNp"",""recuYULK5TtocTFrC"",""recWzrjdObrJHVtLq"",""recX1l4iY8jDtfRRE"",""rec00h3V34O4xzf8v"",""rec1Ry6tDg3DTU1bk"",""reccuZkGtsom2gnQR"",""recg8Np9SS7vJRPwe"",""recjO6COMNlChQ17g"",""recj792rB4MVFiuys"",""recwO2CTaukXCCkI0"",""recG2lwH7yoJnuK8x"",""recG3apoMmBchEJ0j"",""recHsnuzgJoKYi0FQ"",""recMPtU4CydDJIgnt"",""recQ7SYbxGY6TT7zY"",""recVesEOuoR7Bu3Mp"",""recmKu9JiuXtwkoqE"",""recoDdshWOLqIg07b"",""recoOqsFFz2POcWwg"",""rectiiLfFrG9xoK8m"",""recgA2Hav9cRWbeGo"",""reczv8aL8Y5cckP0Y"",""recFoKZaaNPcZ5YPp"",""recLQZlngL5Cmv84c"",""recRhulna06druxMO"",""recSTQhqjrIvI0sek"",""recvhhqyVejfAKYTg"",""recXr2TgG47VcK3Jn"",""rec2FTh4cRs4YfvGx"",""rec461JHC962RwHcg"",""recFkbpSZtAle7qFz"",""recHzhTlowOwGVTWr"",""recMR76ETKGH3fG3D"",""recMcoN0JDgiCLRwi"",""recRo0ikGLlMuiUQE"",""recStkj15YILsIjB6"",""recttbtCSyAiwp6Pk"",""rect3zLdPhHnsrwIc"",""recupAVBonm91qECN"",""recYJfNInFiSUDUOP"",""recYrqbEAkGrBGHEJ"",""recYuaoGZlBVeojZy"",""rec2DmzUCo15HToN7"",""rec4JwURLWmdJ7IWc"",""rec7rkEqEu7Vlspnj"",""rec9CDuIMTfggZ6uP"",""recaspgkxS2fVMFPI"",""receh3uOYNxGZGetn"",""rechL6HbDsktyWUR9"",""recwk4QBcH1GM7d1s"",""recwwiXJSk4OjKfun"",""recA3GACpik4WSWqc"",""recBDmJ2tSxKADN4y"",""recSVYIIbN83O3BJx"",""recSWB6lNU7bpf1KY"",""recop9aR6py5SxtyO"",""recsyQdjhMoRfeP6Q"",""rec3h6n6P8SBl0xbm"",""rec7tj44wUVpVdyPr"",""reccMS3ESULtWCTSw"",""recHdivFEgeLTziIO"",""recKi2b0eUa0z2FKe"",""recMORmVdPSDYSYPE"",""recsnyQZKhQsup0ay"",""recvKqPvdfeRKDLJx"",""recXd0Tfk6fE6I6uG"",""recZyF1kLtDfLVPIt"",""recZNAAG93nvOQfLf"",""rec0YuCswe5yVZN5U"",""recfoMv2jTjaF7pnS"",""recwxNrjnqWJXii6M"",""recxIbNGLl28JlQ9b"",""recAbOgdt3hCcbqMW"",""recDGujSBLQ64fPbq"",""recGNoZ3lDSLxRktF"",""recKOT0dP6OONKMre"",""recMNojl3F3yVShK1"",""recO7IYjzw4jtI0RH"",""recSgc0CEvO7sNLru"",""recss1m1zYW74KC30"",""recs0IhHCtdQupPua"",""recs3fOeUfc9J7jK8"",""reci3x99XnyBh0MMR"",""recjFoZS6d7NIQ5K2"",""recCq0E1fPJvkGmBJ"",""recIdvdTUm0Vnn9FO"",""recM3bcRIIsnG2yr3"",""recVEJIQ9OmIscN2O"",""recnG5To35qmVaKXL"",""recnXXk1NGW7jGHey"",""recn2pU68eiJ2edZ6"",""recsEneCNrzBYSKFq"",""recYuyGPq3R63WuVz"",""rec04oazTkurb6z3C"",""rec3oSHGxxQtPmXcD"",""rec7mB9ss7t9IN60p"",""recbgyervCKuvJtC9"",""recePfy1jwE5Yhpw4"",""reci1M7iNJifDmNpJ"",""recDZ7Nxbpu0vOzFs"",""recEyHOCL766N3gmE"",""recHw14BfIxzfsTm6"",""recI81MkWoDhGGgUj"",""recPJNN9GuGFS5hDy"",""recSI6tffRJHtBnIw"",""recZlblMpARmFKXhu"",""rec5gYX0bHiLqmwIj"",""recaC85moQPfcwPMc"",""rechdPnzhUcvgSWoR"",""recHAi0DAzBRyr7JL"",""recT8jlZAXh5gOu2r"",""recsB2zpaovOTNFTm"",""recZ1PRx3vF0HHGQV"",""rec6fRoKlhbF9V3zY"",""recGHqQbnUP8QXvFp"",""recGVHB6nHN8jTCaP"",""recM21wSsKWi5Ue7s"",""recomH998XF6IbcbJ"",""recWfssHCfGgFD4XV"",""rec0tLWbt6QFzEwLO"",""recac4q7mANFnFu56"",""recfdQnvVdfS1SAZv"",""recyAfxRzbEtt7qVd"",""recF6ilOffA6IkzyX"",""recKgTRcuu2In5HCY"",""recKwyscXNGRNSelP"",""recK0XLwxffBiIeih"",""recOfGAuX7DeA6Q2Y"",""recVqktRLsrAjyhMJ"",""recun81zfZkUm2taN"",""recuXgBD3WvK8fp97"",""recYaaTZFEMmHeo6I"",""rec6bAWZhJwfvJGuE"",""recFnMwtG6jB8fqur"",""recI0YSE6w9eLatmG"",""recoSE5D9mZBINdmY"",""recoYs0ZiUhwfQ09y"",""recpn3qQwooCkiJVR"",""recqOTWyooKWj8Lln"",""recq3MgLBXa4Zp7Sd"",""rectnHe2KleeynOYD"",""recYGadCRwZ96ChAG"",""rec2YKfvJ40BeGeXb"",""rec4zeLklufi4KmLW"",""reccZ5RX2B8cDXoey"",""recxCMqJXdPs5F1Fq"",""recBd9uiRd7bMJOqf"",""recHKhXIox0lsq5wO"",""recLxF9Wy3nuPOG1H"",""recQ11oSQ1VyADqQC"",""recUJ3jkZs5QYx80j"",""recVrTv0CxHYTOcTt"",""rec0JWEmmjjzsA7y5"",""rec18q0eY3RZGRV6H"",""rec7dYQGQtaMhlkw4"",""recf7VMVXZScjeCjk"",""reclaKcMByRGl6NNk"",""recxgEC2Q3DJfsW0Y"",""reczrGzlyRvMs1f0A"",""recMtySuo1HVJnZrX"",""recMtYuAeZykNrQPi"",""recQwAnZoVigRhvp3"",""recYPfoaYAs4fVPHc"",""rec6Yc79FodLBcjOh"",""recb8OHdgskkYMQdt"",""recg4ZVifrRId1JN9"",""recl3ZvWcC7ZPtJAF"",""recK8LU31PGqslyDp"",""recPuTjCW1brjMINX"",""recUKsfEaZ4IaF2sK"",""recraVi4c9BKQwkYZ"",""rectQIBCJ6B6XGw8r"",""recvTC34d8c3vGIeg"",""rec46j0vEN3yK1NML"",""recbp7pXZfKWFgRUq"",""recds434WEC2OzB9r"",""receGcwrSBsKn2Bhe"",""receyyqhUzmTNfpuF"",""recfaTQd7SOpiJPdR"",""rechlydCUJanhr0dd"",""reckvvRQ445j9DMzN"",""reclVAHl5o5uDEok0"",""recyyPtZR22bly109"",""reczQXtXsD7ZMW06J"",""recEO5NfzpJHGyVIn"",""recFePn7AutA0Fgsg"",""recFhHJE3283aqLSX"",""recRD3BfA6tWUtRPE"",""recSssgoW9ao4mpbu"",""recSNjGzlqBcaq0Kq"",""recmOesTQbb2zf9mI"",""recrjBdo3sxYvWjCV"",""rectnLaWY0h4KPlAl"",""recvl1Lwtl9Q0nUdr"",""recakRkEJSmyDjasR"",""recG5N0WTQX3i4c1r"",""recKTopGKAzx95Fld"",""recKWkaapI1u1f5Po"",""recKbThzjl8gOy3Ck"",""recLoHK6f6986y7e8"",""rec13iXPgfAVPJB0i"",""rec4KjBFr0rqJYY2X"",""rec5LF77vCGe3M9Kw"",""recdhuFBzrUY7ZNXD"",""recdvxmBk8i4wmTDZ"",""recfBSG6EKtfTk8sA"",""recjdc6jexQlJW7Ou"",""recjc3Rzd5UIGuAft"",""recyIWYtQ2qBiz51k"",""recHmB3dCH0nX6Pzh"",""recHpRA42W8qWwqK5"",""recJ22WRPLkyr6V5d"",""recKyjlorfdkhcIx9"",""recLiKiiLPQL6QuA5"",""recNKyTs6PzyAuDOV"",""recOBhb0pGlRSHdEQ"",""recVLW9rNOgxgHAtL"",""recmqCVw40i13VgZb"",""recmROOrmWTDZwuMQ"",""recphRqP5kKqq9ccc"",""rec0lcwfwmr20pq3p"",""rec5wZDaJqDgch7IA"",""rec7tvljMKAudpNVs"",""rec8LEObzV2LNo7ot"",""recDS4d6l1asR2XfF"",""recPi5jZvS0bEGK9U"",""recPvuacyDKL76CcG"",""recndKfbgcqbpF0HW"",""rec0hnacZDyQDKmJI"",""rec5ix7iJQPMUs2tI"",""rechUbNpuu4hEiGmX"",""recl5xHLo1bEF4l7K"",""recD2Z1YlyQbuxEtj"",""recNnj3CRu0A3rhjP"",""recP1q8stoTiunHSg"",""recQkIybTjoamQA6g"",""recSLRWlNupA3HhC5"",""recpMSbekjZKA9wgL"",""recpZbpx9Djjj8HtV"",""rec4NnVt1K9VjhB7j"",""rec40UinVOMQZlQsx"",""recax0FPcN7fkZDhV"",""reccP75UGyOgOXihP"",""recdnEbflOG7KEicA"",""reciMWlmqBKOd0GrM"",""reclKSA7wW2JdxOR5"",""recPjrQGDSCiMmcYZ"",""recqDc6FbzMDXKpLS"",""rectbEcXex9ACVACJ"",""rec8kh5fYdWWr0PrU"",""recxdTJTajcEEr2p5"",""recHYQjDPYiujPO5e"",""recKGnkncQaKiaASR"",""recMtBYvZYj4jRFiE"",""recNzZyzH0S6MKOsc"",""recRjjI9HuI3a5eQV"",""recSMTvpNJ9tGQjgw"",""recmhiTBGvXx6XUP2"",""recoI8jnKlg8tKZUM"",""recrr0KcslQbSrK1h"",""recv2b1tRedCZXXPp"",""recW4ggjfExmawNPi"",""rec2r6GDr25z3MTxw"",""rec22AHc6U6XtRUru"",""rec3lvGnMM98Fpsp7"",""rec9jFajIRRLEKikK"",""recaAv0AM2yVvd13L"",""recdcc0uCppnyyIVK"",""recidGU78ASi0sHUK"",""recjDC2mRiWXTAzYy"",""reckhXBlN1xvlR6FJ"",""reclT1zM0RZAE2o0s"",""recxPWbzAamHDZXGJ"",""recAQmDoWkVfGtdCB"",""recFHg6mb05TcUTjc"",""recLkWO6bf9WSAOs5"",""recvyQWmbzQhwfrny"",""recYUQoYySl14uaSx"",""recZtz9hfuKSDuVEX"",""rec2ymF9Ejls1rgYv"",""reccs7lSmTqMrFHfW"",""reclGcg4NlNisAUoz"",""reczbAJDfZ3FM71TG"",""recC0rLIm5oGNea8A"",""recRTQ10hre4279Pm"",""recmDkp1qmfLu0gcf"",""recuMgXKGOOVq02VQ"",""recWmpQJepn8mEWEc"",""rec1COrfvdUm8FBnG"",""rec3wEQtbdkKK1pfz"",""rec4cchVLqTTxQkC5"",""recaFUQPcf5Hdlawy"",""reca9Q8MdUzKtTCTE"",""rece0Gp0SMglBpPVI"",""recjOyNRGfwMegyRT"",""reckYpICUi9tdWYQ1"",""recwEwrbK4UJgkR5p"",""recwmmHWcJjYIvELw"",""recxBqcHUFYB4dafm"",""recAMhbotRTBYBWtd"",""recCQ4G4xtatW0aIu"",""recGIqXXMGpqEV3Ro"",""recP1honWH9YIMe0n"",""recP82F4W4U65yFzr"",""recRXPuQcb2ktuqKO"",""recnLibfZIwVbuXiK"",""reco25bXFXVpz0xJM"",""recshdwYHojSHqGq5"",""rec9uLtd6Y00Zn1Yd"",""recbESWvuYjNLjKdb"",""recyx1Ex5WjV8t4iV"",""recJyos4FosIQObKy"",""recSPVeg17Iu0RK8y"",""recS1S2Ity5AdEYCI"",""recrPxuY6Vqwlrksy"",""recsHhjvS6TAvKehv"",""recWkgDScpC5eUUa6"",""recZcJ9DbwiegzJSx"",""rec3TYNFc8RbZq1Cy"",""rec5x04cD3JPk58B8"",""rec5Yk6kjaGymdUCT"",""rec7Mz24BOMn0zx6B"",""rechBMkK5JrPFRFoD"",""reckrL3urhU10RO9p"",""recyj1Dq8o0Cn34fb"",""reczLTzD2zq8AA4Zq"",""recCLBju9m9lrnE4r"",""recC3InAD3CdJO0KH"",""recDzhx5DL1zYcBuf"",""recFqfK4SEgkmb2H9"",""recM7bMzmlshgLJjA"",""recT62VGAOrmksOxc"",""recUtF6MWoFgPqALK"",""recuTRFWjP0BEv4Kv"",""rec5Xyguj0VFclP9L"",""recdORXa1CQlU1iJE"",""recBTxuLdIwJm1K6i"",""recDII2rPOl3HCYqw"",""recGsqPVE4XVYnckd"",""recM3s4syDQFtwaEG"",""recVLGt26MLJUIrub"",""rectP3xKg1X0nLXFA"",""recZZg3mNZuACnVAH"",""rec4TgAnYyPqMi1pB"",""recgzM0yLeWuv0RC6"",""recg5lD1WsmBXZw3g"",""recjzIHCzQ9iffBfS"",""reclNTvJei34GIHxP"",""recwYhRTieLggZqLs"",""recQxyzUOmVmHbb9W"",""recU2NOnGjXKtBiw2"",""recrErnwQ98nDhO8a"",""recrhPo8H272MH0cS"",""recu0U8JQqiFIQ2Ht"",""recWmq2ShNsiUAOGp"",""recYgWK7htxyO6ATe"",""rec4PPltAXI19nLfH"",""rec5c5q6qVCfOztls"",""rec8QmOlNy5uRnk6W"",""recjScz1HA3fISnXt"",""reclY5teDTkgCWQiw"",""recxBNuAjYTZ4JNZC"",""recxXuUdMXXqrX25H"",""recFsnBW3N8urWGij"",""recK93w9IMTgwpObL"",""recLMdwjhzmRNDBeQ"",""recN7hbtq9pyAxyPy"",""recUAsl7oI9aVBVJp"",""recU7iF7BiFEz7kXp"",""recVau6XaebYRx5yj"",""rectMmDGI9JeYW1Z7"",""rec212SMGcVtLmF9R"",""rec9KGlVV9AeygsJx"",""recbkYQYKdwiZNoya"",""recjg1XjCQqwmhK3r"",""recByTEJqN7F7H4Cv"",""recGYH07yn0ms5HY6"",""recN1RTEJQQsiMJNy"",""recSzUkStewqUsAke"",""recSR3iQptfMKU6PA"",""recmoFBmo5Pl3EAEj"",""recq8RmpLhZC9hS6t"",""recvFr3DcbOvM7AkP"",""recWcI1tdK2fINjKT"",""rec8PACAm4MzGgO2y"",""recbOWTysGPkgk9rY"",""reciL6FPraeSR9OZC"",""reclE8QGEVWQATn51"",""recxPXhCEKJUzVkxQ"",""recIun7s02aitftM5"",""recvdWwYM7B0HLGnB"",""rec5EJDSI60hD0MSC"",""reciMbGB2UHlwAIkM"",""reci1WX8JFCW4IpK1"",""recxPYs1LnR3iVWVQ"",""recMvI7CwBso7Bwpd"",""recU5UnpmneRzJA4p"",""recrx2ecxOJCD68iX"",""recvaEKFzHlTXhAml"",""recYlHQFqjnAQYNmC"",""recYrqvLOBajWceML"",""recZwnYyW3OP9LQcL"",""rec8vfe0S1G9ZxXmS"",""rec84NYbYc0PTSskB"",""recedD1jL2XrGWifB"",""reciOzEfnDCqrGkuK"",""recj12R1SV0OfbZjX"",""reckLgvGJqKgj3BHn"",""reckUfnOdhKUOwo4c"",""recCbAd7Z4lM0Xprq"",""recDxSRfCVjAOeydp"",""recH7aDumlWrZ0C2K"",""recIbDrLsVbnKcSs6"",""recMcw1lfCZ2Ny3Zi"",""recNTBmMZJTgp1iy4"",""recUh2MxGSforhoES"",""recmgJ8XmhEc0scBx"",""rec9wSatQEd21CIFh"",""recdBCXQSyBTHO9AD"",""recwwMST4Ayc0Rmyy"",""recBe8tMDnFsf6x0D"",""recBBDTiXV6pmtkfA"",""recDbkfoPurpCoBV9"",""recFrUBjR4jZd2za5"",""recLIw1gLDUV8jDM1"",""recna9tFjRxVulqNh"",""recrbL83P64V6o4EA"",""recrbNOD5n54AxjjS"",""recum6S8TZNErGZ1c"",""recWHN6bMy9dNvSd5"",""rec3ikL8ZFL73IGLB"",""rec41iBtezqBlAi3s"",""rec5c46E2rwiLqK8c"",""recaGGHMNqnACGxgD"",""recdmd5dGPX4gm3cY"",""recdqJn21LP7ZFTXJ"",""recg0vGMEh0kNpJMf"",""recBfIxUDkk9QeEWp"",""recEtJ32SQOYbNfhx"",""recJaxsoOrcWHKrZy"",""recLpc2wWiIRWin2n"",""recO3p2Wk6lLtRZkN"",""recUAydtA1nWhWp7N"",""recnhJA1OKg9bmWvu"",""recth5VJSRryg8szn"",""recjtBzfvWVN1Vs3Q"",""reck3FW8cgOns51sr"",""recxFx1BaAGx3hWq4"",""recyRCxdlZpUFIhPF"",""recBBpeDuXoKphIJD"",""recB3N4XzXDNIh08T"",""recMh7x0dd6dXWCXF"",""recSIkV27hXmY1LR0"",""recmXpVUjAjBGB3Rn"",""recrTFfUAnERwhHuj"",""rect6397i0YHvexTM"",""recvPoOd2SebhK9aQ"",""recXmxWMciKeQcHbg"",""rec06fthCkIdUwgOY"",""recb1G9pisJEkT2Ez"",""reccGTt8Z3oVJ6Qts"",""rech38Guv8yHvblYF"",""recEQxT3GSquiGgbw"",""recGbGcaZWYoJ1tYL"",""recK5ZMDYaBySOnpS"",""recMH5jhxZOTz4jo4"",""recOerFRHRZuzZTUt"",""recQPnG0pgeaKFPEB"",""recS0E8Jubp55pyyk"",""recUBVnYHxCuYwwLk"",""recU0a3bQNmYiIrWd"",""recU5yImVVw7TTGc1"",""recuaJ5YvWoD8VLdV"",""rec4AJbr0k5yubtlv"",""rec8cYmau4RTFn0l6"",""recdvcLZkdFOukkGD"",""reczcohxDEwr3ZIfG"",""recNbE44Fd9AcAvJH"",""recOnFBCeyUYnvQVn"",""recUAiBU0fR1CoiDx"",""recqvr0Vix8mT47Ju"",""recZIBZCnT0a0qiQp"",""rec0hI1Ul2t66hO3p"",""rec3zEhhxPryMjoeZ"",""rec7azoE3UCYO605q"",""rec9ic6nS8Mmcvkxf"",""recaoKJ2i6gWUzuk1"",""recbLFp3Fus10zphC"",""recMr6NjPUQFFJnXj"",""recNDGZRIUvv3I9n0"",""recOuWMNsS4PLZB7R"",""recPgSUp0wSkxwn68"",""recQCsovc5TS7eID6"",""recTAiTz3YyCk3cNS"",""recUQqkrx0EOa8l0i"",""recmyA0B02W3ShjFW"",""recsBWXcgJN1ZvdKz"",""rect6QJc1e7eFICPz"",""recv3S4EvU4ebcHwE"",""rec1TQsc8otosNMvW"",""rec4p8roFTjkUBh3z"",""recbgIgjCz2kgExHQ"",""recfY2fPoBETPZmF1"",""recy9HucbFMNAEY0L"",""reczhpMSCbnbyy8Xz"",""recEmCZzYefsEVeZk"",""recHJaydbE33ogwit"",""recJfYokX6V1SrVUu"",""recLobxXVo7G8FfvQ"",""recLOusHrn22swPcy"",""recPsIXxWYOqAbS6b"",""recTcvN3IC31JUntD"",""recmuBrzgU58gGQmf"",""recuUzJsPxdJzQ7mH"",""recXQgcXsp6UJaPnc"",""recazFGVRyDQXAxBN"",""recbAzv8a0RH95SZJ"",""reciVnRK0uKMJ6QtD"",""recBHIruYtoyRVfEK"",""recmGDtoJlAUJSevw"",""recqGbxefTWyCGk2p"",""recugde2xQlMiMayN"",""recvhroSaKvhBai9i"",""recvXN6SJdYq1H7vc"",""recWvdm9rf4WpoOx0"",""recWRNQcQDLSw1p43"",""rec0gXW9wJEcoWygK"",""rec2uWQohCadZbP3I"",""recbXJw7V5dP0NgBM"",""recexaTsOL7HmPr8G"",""recf9iMJWsRnJxZu7"",""recgvGJdX0mehdjtn"",""rechOFWCJaCmzEOKL"",""recwCxFIGURXZTjIf"",""recBiQ3LuYKExLwCO"",""recOqSiCMfNGDFQhD"",""recPRJNEVBhff4Hzc"",""recT9980gBDRX7Aj0"",""recnQxtMTj6HdbzoB"",""recrQljjgpKK4XtJ5"",""recuOYJzjakuz8UxL"",""receRSpY7Z3V4Q8vi"",""reciTqsRxTH8XB9U7"",""recxeGIWiZ1q8ZQLv"",""recJYXffxiBlitEW4"",""recJ2F3BKQHpfmA9n"",""recNQxVhWGnXNExsS"",""recT1QKN7hmWKaWql"",""recmbYvYtZ7ZZTw4i"",""recnGCJRBcfKiam7L"",""rectcE8voINlAyych"",""recYA0muLu1RYrHO8"",""rec0zcXNzjUP0IdW0"",""rec7wS4wx1UUDtDaF"",""rec8ral5MvtGNXwW0"",""recd83U76EB0s3otZ"",""recjj1TIbWVlUBVOy"",""recFd7dQGLVyBBfYJ"",""recLMysOHUgrFjETV"",""recMDbBH4SVJMNqwc"",""recNDSEnTXO41MZXi"",""recR0cJSRNPkDB77U"",""recSVekNjXTnFAnu0"",""recTxT4g5DRMAvFO4"",""recTX2knFEetpQMXq"",""recUo9JAzFLa9VogL"",""recWAC4O9jDAQETiV"",""recXWSxooVtAbMIOI"",""recY5o4qXew3TP4YC"",""rec7YfRNhmfDaNfz5"",""reclS1GaNcTohacnz"",""recE3uw1AdUzQaE6Q"",""recF77BRSCzXu5AI1"",""recMvZCkoweRmbFdE"",""recR2B5t8ras0OsFo"",""recSpc0UEPj9XY8e2"",""recu07ffHE5hMI15y"",""rec2lM1PTjQ03zFCz"",""rec4io12ejJYi6ZpO"",""rec7Fg7VqAldV3sA6"",""rec8G5TxS6O9cjHc3"",""reclfPmRVrZFkEZaz"",""recxFaJciELMi7GeH"",""reczab9aPHgqI0RT3"",""recALpUd4A4gWzOCc"",""recBDxzpAuBgVcDg4"",""recEIQnuRQOEOpbTs"",""recHAIjzWgOJcbwoA"",""recINuwGtqKFRReeu"",""recKqPaUS2I3IQgNw"",""recMUPVjPRboSff4F"",""recMZaxrznqMmAAmU"",""recQannKYZDsDCzsy"",""recUV8NT18YuDzrwF"",""recptRxjZb6m1wPsa"",""recqds7jPBnK9ObGj"",""recstZkXxJaZM1iqx"",""rect5BBBY8gsTDEyI"",""rec91HM2AHBUDQx3K"",""reca4W3bfxsIGTWGg"",""recwFBiw65KgJv5Sl"",""recJlGwgCpol79dmA"",""recMf5BBb6r8T07qd"",""recO9FqQTyTBdKD6O"",""recmPkpjmDRFSxXZ6"",""reck94UmUGchWHqY1"",""recCwx1hiPlJknY1S"",""recEBuPoaqGXTlEHf"",""reccrDjmoAztner4c"",""reccQgGxSHvZDQGYw"",""reccaAmTRh7YRuVGm"",""recdJdWhyAf66dA6m"",""recdCArfotIavAWGo"",""recjUQ9IyMYCSElmi"",""reclraMk2UmL9ykmH"",""recwOMzuA2tjTHF4l"",""recADFKDK5cVKILDD"",""recDZs7F4HzrQjzcp"",""recG1iz9EDJyo7PlA"",""recSnG6b03pOYXtTr"",""recVqSHzJB5pRaV0i"",""recp0ORiIJcm6T1zU"",""recXNyn53tPv7Sa4w"",""reclBYoypveufWZrC"",""recxAUc3uL14B2as0"",""recA1qRrw20DdTUlm"",""recB9QDLecYBgWgz5"",""recCvrJkTcqhvJ9YC"",""recKA4CkuAds6ZxFi"",""recKNWoFyE0EOgR0R"",""recQLm2FoXgNbp1zZ"",""recnZLyDAC9N10F7P"",""recq2Km2ME1PtO3xn"",""recq33aW6Yt4OqQeL"",""recYUTGhMMzISrno2"",""rec0A0676nqlgvWIV"",""rec1D8BLF2GUs6gyx"",""rec285cOmXyLs4ndc"",""rec8ndh98COqlvd2V"",""recb2lGC9c7vg1AnO"",""reccFIbzY6fnjAEjC"",""reckfXn6acERdWeGy"",""recwlIiAxJ6l1FHRW"",""recxvike40fDkpSfv"",""recDx66OuFsvg5K6C"",""recGi0jOUiruP2pEC"",""recLrD3csnSBIWuTg"",""recLPbx8t1UlAAW5s"",""recR69SijAEX0W6wc"",""recSeTNJynzvBbG8x"",""recmK5qZYGsr7QUxV"",""recqkZhvK0PaSjVBp"",""recrzbgLLzmd0KRS5"",""rectUgJO4jVpHzY6n"",""rec0XW6cYOEvQt9S8"",""rec5M4D0bn2VmCs59"",""rec7QYLgg9ibaC0kR"",""rec9977oypKQyvha0"",""recaKsFq6fxpQUXRp"",""recahzxrTfI7HgZzH"",""recdAE7PxVKro9jxC"",""receyQJdDaJ8roYHY"",""recfHKkmDAyiKnhUC"",""recwkBz2cluG0naFU"",""recGqa559DUy3dzci"",""recHIKjKmXzzAKmJP"",""recNeCpC6MKeC4N1o"",""recS79D9zCTfhMZCt"",""recTBCuwF9NPAFEvt"",""recuDFSYGFEivVwyn"",""recvfwcXYoO8fHJXT"",""rec5iPZFJ16s1HGoj"",""rec8KG6UPEfh8dqM0"",""reciaeOBmsIp20I0B"",""recEqKNXyzuKVf2Py"",""recGp8N5OGNjo4Ywz"",""recQ5nO2000UfgWEv"",""recU1HcB9m7GOl68o"",""recmO2ftQNz4fpnVo"",""recqmpofkQfgevKcr"",""recWxxL3FAAACHW1e"",""rec1RVRIpFlbqs31s"",""rec2lCmjfL418bK1W"",""reccqJT16SAoKbYdz"",""reciQjf6zpx0yEMUa"",""recwRBJypNfwkT8ue"",""recxPNl3Rw8fEhmys"",""recCfKbwamctaP3ga"",""recCjUnEGAJLIMahV"",""recDS7Kn06HDxlFVV"",""recFL3l8fcUJs46Ax"",""recFeKHhsgKyQeSro"",""recGfcRU0Ki7MP6aT"",""recLsNbnT39ebMgYQ"",""recQdNp7ucDYtCMIX"",""recQBbY0HIl4Y2473"",""recrqCkXW2gJmsgWn"",""rectftYR8zfSfRITJ"",""rec0atvo1K8SW92xO"",""rec1QDERyGV6blMBD"",""rec8v9SRT28KbQTwi"",""rec9PYDb3NbOxj8Lp"",""reccCbDbCMcu9bjJk"",""recgIgDM3mhqA9DdF"",""recz7IHIm1n9ZQZMk"",""recFu0IxPfnQA8kDa"",""recJvfMO2o9MCG0cP"",""recKAzGcK78i7JkvS"",""recMDegHamug284bW"",""recRmtpM5KglPPTs3"",""recR9R93tHnolYCDu"",""recm6JzOhGGvdwXaO"",""recp9b2pSnFXLVe0A"",""recWweJJ4OXZS66T9"",""rec63C0Yuh4SYN6Nr"",""recgVQAwaYjVss3oV"",""reckWaEXHYFusGsqL"",""recIfMy8DAW0iJsiA"",""recOlsHQTFdrO03OD"",""recnaMVmjr2ToOnct"",""recsCHaKZs8KPkggR"",""recv2KjO5Q061V2ay"",""recX9UtSmaPe1NfG7"",""recZiFyqoDAFhSCUe"",""rec4Mo9bLtzYAnzEw"",""rec5ElEqKv6yQ9lxI"",""rec5lsUl77ay1JBNm"",""rec6T8S2ZzOM15kJF"",""rec9oNrdvHlVoZLoR"",""recb5JDkQVBzkrwOb"",""recjfaAkYuffHuEGw"",""reck6bx0yMUpua55h"",""recyr583PGCK1Nqyu"",""recElHo3OvXKqP53P"",""recLf9VbTACnYjgEs"",""recMJn93I4zKc6g9H"",""recN4C74k81c9YJIz"",""recSI0TmkfDtq5YC6"",""recSivpSE0V4kOJpH"",""rectKtVwG247UU6o2"",""recZ1BhIPQUdK5h0j"",""rec8vDohbQo58nUl8"",""recd4fO1aDuFXTcd8"",""recexw7PIJoklMViq"",""recjMCt5E56lOR9vS"",""recwUktFiw15gXoQh"",""recyZS3cvGlZH04DL"",""recIJuPcbVWIQyb7c"",""recmDhPZjwccK9BDr"",""recmJK6ZQsAWUX0Pl"",""recrwLKFUMN680gPa"",""rec3C3RGkeHZrseKJ"",""recdhjEwxDR8TGRbs"",""recj9UuOMMAWLdDOY"",""reczg0KfEoUf55iHC"",""recKG5Etj7tb8CHb7"",""recThKHXjvitiDnOT"",""recUMfWijj31rp6EY"",""recoJGPomC2FBQT4h"",""recrmEIb3wdvwSirE"",""recsvqYNq01rrrkJN"",""rectshQOOdpffojme"",""recYp9qxwW6IPDdcy"",""rec1BhSfGLKfCGE05"",""rec3hhP2uWptZGt0q"",""rec3cv3NRNUkpAEMh"",""rec7m1engGbUExEfp"",""rec8g8WMalpOwIMAl"",""reca5xIy8fQErZRV8"",""recbXb1bf5oRu058t"",""reccHiqTGDHAQsU7v"",""recw9XC0U5TcGTqX4"",""recHZAE5W9q3iOZsA"",""recKd5eeuUOWPh2F4"",""recMy9J4fP6LWm4vY"",""recNc5RX6nmajZ1BK"",""recOqu2jq11vIe5Ja"",""recmdieySfn10hHAx"",""recq27eVt9mRMy8oK"",""recttMs16COdduuOb"",""rectToWMW8QtjfkFM"",""rec0S3v06Ygs6QN9r"",""rec3atrLQt1wPeXa3"",""recadxxNtxYBRcXoF"",""reccVmonhvHlHd9XB"",""recedNvITmeFPTPzq"",""receROHEhJdaYTkTQ"",""recfg7KBXSsFRs5OG"",""recwQEWQ5ztDrWmLV"",""recxXgxUrbze7geAh"",""reczxXeuD0BIT6fWc"",""recDPbQmZekZKZ4QM"",""recIAyzmEOhZHef6Y"",""recRVG7dZpxtXBRYK"",""recS221ORkmNdxvvc"",""recmK3CpRjPfs6njk"",""recpbxTH0H6HiZAb4"",""recWDTjauUuKWzVPy"",""recYXWLnjOZZVvZMy"",""rec30aAtZXt0srOfQ"",""rec7EQizW786PEtig"",""receAxL52xqmJSvNS"",""rechq858VFK70jfth"",""reclRQ6HHXcZ7sUTj"",""recmiuZFkVSuToZ6e"",""recsG8bPbEFuANyNE"",""recv2IweSgsXp3LaJ"",""recW2keWc2hhi5gO0"",""recZkZu1jqt6xshNe"",""rec3Tyc8aoalLGxMj"",""rec3TeO6smsQtRyCn"",""rec5V5NA1291HGJOb"",""rec7RWLzNWQzXEAYa"",""reccE0BGbV5UiK2Xa"",""recjGktLEGvtiJ427"",""recjRlK7YwSoxJRZS"",""recx9YI3ZFTRZOPbV"",""recy2eP6cRjArFmnk"",""recAHUuCbFclsmG3J"",""recGyTVvLKvbIakN1"",""recLtzmNHI3IGRLc5"",""recMcyznBXdYdXzhz"",""recT9n3voTenzpeAA"",""recqC5IS3piRaeduo"",""recWaGcgbfLws5Mkn"",""rec43oQe9W1xL0wIL"",""recagfH8It5rgNEGR"",""reccf70ESDLtaNihb"",""receHp839R6tXnssU"",""rechCs0cr1WVlBoHf"",""recFWkWlThPxB5OSF"",""recPrCeiHRbKnuLb8"",""recnQZijevzdxTggC"",""recuTtst59Dh6PeAj"",""rec2vgKBaWih4cClR"",""rec3SSwVk19hJP7tR"",""rec5MZZTtmMO90VpV"",""rec6aZse9Lj855KXk"",""rec7QrXcU2jNyjmuU"",""recjbMgNXZMK9Sq9J"",""reclXgmQGnknfa7TH"",""reczWqh58CRtiolTC"",""recEqGn3kTRK3mzHR"",""recE0kTGksNsV5mqd"",""recGhv1rnwPzA8S40"",""recHExTp7ifVSQ5Kf"",""recHYSCJbQLDpGlca"",""recQFbSLDKQBA5Puz"",""recQLa6m6bionf0pE"",""recRGR35wPWQ2OxlG"",""recUQIwmVND1T93B3"",""recsuKdgJY0uPNXwO"",""recYD5Y1jjx4TuxX7"",""recZ1jBVt9Cwg8I4q"",""rec2Vx0fxsMuPQLCw"",""rec399qvnIGtvhmnn"",""rec5fFrSkEn6jF6v5"",""rec6CdalmxShOQoWi"",""recdUJvYc9hEkbtx5"",""recCdenM57Y2kPQdb"",""recUwEqR9TwNGymam"",""recnfjz9Fo0QSgPIf"",""recn8f22pnfLpcAop"",""recpSWgkC8g63x9LE"",""recYnKFYtS9NvT6kh"",""rec3iWPUWiwGXmr0O"",""rec48iiEPRjEkfdK5"",""rec6WI9cDKOXdv3uP"",""reccarkLxBXf2ktmV"",""reckOBYASHislO1kA"",""reck4UAdDuTBNxwZ4"",""recxMR3h15G02Vj4v"",""recxzHBSi6Na4xJJW"",""recx47OQVpOXxupgJ"",""recHYSOc3I3YsTYKy"",""recNjTvxmP3W0IEPo"",""recQxZbSnOZJVMJO2"",""recRpFOGjxM0d3ETW"",""recRUjEpksShIracX"",""recUDBwSQlGTM1y5o"",""recmOBGGtl31evoDs"",""recpFKGfJUBgz11wJ"",""recWp9NFzpDhpZsI7"",""recZZjuLDlq0QFUUJ"",""rec3gWukYyAGe4tJE"",""rec3PNzlKVHSGsd1N"",""reczWYmAkpR56kPs7"",""recC199MOD6Cj3Rql"",""recED8tMPXfChm23m"",""recLGN4iQbuf5mCgq"",""recnTh7tS3CHM6F9r"",""recn0OgJqep8Jwd1Q"",""recpENGrI5H0fkWk4"",""recroar0PCjB4ZgKu"",""rectyAAaPi9ulUyu1"",""rec29rDJeCcdL7nOI"",""rec6clLcg516wao3p"",""recdQYboaBA8TOXJp"",""recexpmMKjDtZt2jR"",""rechcfBDTLBFkc3BY"",""recAJqVNaw1mQ2iuR"",""recDo8lsBRzTvp8LK"",""recGm43VKu23rh6pw"",""recGYkIJEm1uI1ecX"",""recKilTztehAk4RpN"",""recKzm9GkNlNY1UX5"",""recOWVXzKP0LtAZSQ"",""recSj1FiMa2A2Smdx"",""recUZ3CJbL8H1Cm0L"",""recnoCycrp6gA50Fu"",""recnbAP0Lzg0kjTq4"",""rectx7gresMH80jvc"",""recvyZtedxJzt1Upx"",""recW1Yk7oeUTD2Vj7"",""rec3qnHYU3wCBcAeg"",""rec6LQ35VISoZtBRS"",""rec9NTx3J0Le1kWwj"",""recesjszqc4lLcwsP"",""recf50zA0U8TxOD6r"",""recgL2JVrj2b65Hia"",""reclSesRmtilgAhJI"",""recw2LzHz4JlNnB0x"",""recH68OCuhFPeMr2B"",""recIdST62GYoxfVKN"",""recIsUv30H9Ds1U62"",""recOUm2V7xUhiFSQ9"",""recTg5nxae6EbHrMD"",""recVwmrT6R9TcyfF6"",""recWcDcbulDDoDv5z"",""rec0CRkfVCMtoSkg8"",""rec6QxUN4lJwXrcS5"",""recftnLdg4gBFdSED"",""rechjfVLyVIDgwtje"",""recG8Al7NOMXkhVmd"",""recImFkubkoYZWiKg"",""recVFXnwzeqwNquIJ"",""recmYVpmxmtatCGPG"",""recnGD4HpmiauRitp"",""recnYVEU6SiiOfxIc"",""recr19Mm3d5q9AYzI"",""recsE55wLh0RhREom"",""rectWhxOwOq6FjmwP"",""recvjIte8LYUvAPfX"",""recZKKptxQGXLVajs"",""rec0cnDqYgR0H6m5O"",""rec9NbgAYAyxRyr3J"",""reccifceWVuBxj1BU"",""recdKSqKlKQy0FDRf"",""recxDHRuo0JcxZPoh"",""recy0k7ffoSNvm201"",""recEoOnSYO2QiQdT5"",""recI9G8TZmDlqbxw8"",""recJPfRyMXRKIEOw7"",""recNbYeF1LULvT70g"",""recUJLsloyuKkKlQZ"",""recZG3hqH7oWIqQtT"",""rec2saxLJZVsdykYg"",""rec2Q4EvPJY2m9Grr"",""rec9P5Pw6LX0p5KqQ"",""recC9f5wVC7adlihG"",""recGNCDZ5Qgzu54vZ"",""recIHBBGDFL6uhIfa"",""recNOr5rIMby4JIsf"",""recPcTCyXpy23De6i"",""recTEWaNrcjmhRZSd"",""recsFB83p2vOKl5wm"",""recWMFZtWrE2P4944"",""rec5onp5mbcOOFukM"",""recbjsu7yiQIh43CY"",""recD81BQsJ3mzg0WC"",""recJVAbCAhGtBDn5h"",""recMrHRVCzBLtpjmX"",""recMAR9SpZfBGRZsg"",""recVKb47PNbC7Plnm"",""recVkWXUVagLsFcrd"",""recnsDQvwpJKvALmA"",""recodqcxiqmdRpNAr"",""recq6NFmYHCxNSLAC"",""recr2Odlfu3o40jTX"",""recvJPLywEuZSnqLb"",""rec1RqHfcOvAuyMxn"",""rec12CO2FcYXEkYoW"",""rec24Kx5aeFGTwuBl"",""rec4NBGpMcyOJoybW"",""rec43JhroGxSN08Gs"",""recayqId4OHtYmdLw"",""rech8M2ihVtMsSBzM"",""recxWBW9jGW7po9Ws"",""recD97Fb5c9vm6ZSx"",""recFdWnK4HVht6pMg"",""recG6Szcz47BZvFgG"",""recPgD9gjmDLLpxtX"",""recRj96PWjH9JNkKy"",""recRrDhg30G1QHwEW"",""recU9zDyiFX9Iqxb9"",""recsUBTjpz2clZtzE"",""rec2BevwnDHd96lPp"",""rec3nKbedaAotj0qJ"",""rec80p19oMgbCv1iZ"",""recdVb4QIA6ELC2Kd"",""recDuv8MH6GVkSdA3"",""recD3zOrJocmm8RSm"",""recQKZaPehgtnjAvX"",""recTBCtQBPZ99lvp5"",""recpYRMGHO9dLzsuG"",""rec2BmpVVr2gmDJqm"",""recaFc3nCYnP80kxd"",""recgAQ7msn47zzaeF"",""recDGEGl0Cur7yZ0T"",""recIOQiOkOk3EPsZ8"",""recQODO5knTwTAuk3"",""recRvRNoMtLnnsXMD"",""recmTOm1djQxfXFIE"",""recnlXRPforKj8ELv"",""rec0ymfY87iUzyRad"",""rec6SRibCakSGHGAR"",""rec8vgutNDMhBcSdy"",""reccvNLUM7J8aE7nU"",""recdH02EYaJlPlrpN"",""rech6lPf3lpLPLf5P"",""recjtBhxHwIDJxD7W"",""recxdwshOY6SzB3cK"",""recxTvlYmXWnhwxjh"",""recx4KK0PI5W0NIO3"",""recFRw4LPOGahLsMg"",""recF4edpqhyJ7Yf61"",""recHoLHtukOZHHAuZ"",""recMoQ5qtzK3pTTGH"",""recM5dpRvqB7J3IvB"",""recQ2MR26r3SsGw7g"",""recUo6mE08WAkuaMA"",""recuBJMDzDLCUP3KZ"",""recWwItY0NJ2rG3lQ"",""rec0ovmvdoSO5SXAg"",""recdyTNfwXQUKn6l6"",""recfFByhjMgxt7lCu"",""reckz8gTcst6uDf79"",""recypH5KU1g2YN5FU"",""recBooPPVjYK0HeFi"",""recJHUtCXINQ8tGBE"",""recQQBIwt8bQjWdNj"",""recmEjNQjIjKyAWrB"",""recuX3wsh7tU7D9Y6"",""recYPsW7ap541CAaG"",""recZq04YyuuFHrtZK"",""rec5yxsOgVR84JXRF"",""rec6cxspSfVeT6ppO"",""recc73M5MStLJ8hwc"",""recfMfDAFC9TJnXIx"",""recfUZPfklzYu1E7j"",""recgMvuqhhbeHJzDr"",""recg4yU8EdqeWdN6G"",""rechpE0z7sujwEfws"",""recihuFZ92wYmqVU9"",""reci0KYkVVItB91kp"",""reckHqmsWYH4fqN0G"",""recFECh4QiZRXJLKH"",""recKWSOFVl80VzWHT"",""recRZ5NenO9B4I00s"",""recmqsT4DbhBKobFw"",""recnqXnDac5O7TWqQ"",""recuk67tLNaowZsHT"",""receNxMg9iWchxt6p"",""recfrEEpYlQMbsSqX"",""recfxmLd1bAJy9rER"",""recknDFMJcyUkeXg8"",""recAkN0Wgc5bcExG0"",""recF0yOQix89X9ZAr"",""recR5WMcA7AXjPfnD"",""recm6qRO7bBjJZkFa"",""recr9XH1I9vZp4Cri"",""recskDG4onnSoglW7"",""recvSpWAkrxr88sh3"",""recWHPK3glgbUaP8C"",""rec5cWgbwOGdymqBT"",""rec7uNY01T9c6etAJ"",""rec8XiJ9nkfUnPe6h"",""reccJSNhusC2E9J56"",""rechwYjYyi497k3eX"",""reckfV6BKfYAhKA9k"",""recALoE3COnCOvzap"",""recE1ttGbKcoj9qmb"",""recFwFesP8vokrZvb"",""recGvJUgCX1ueOVUk"",""recOpZVeUggCbKFVm"",""recPJrXMznU6ueDjw"",""recPJ85hZP07VcFYp"",""recQV1wiEk5oILqoB"",""recTlxmPDk7EdZOeA"",""recnlFqkITIQrY65l"",""recn19BUL1GCPRDd9"",""recoUECVXTsQ1sFDP"",""recXCJGvzXXCBiVt8"",""rec2QOTj7HC3xXmkj"",""rec70Sb9Z9uEBXZN6"",""rec9hsRTWGubebl8w"",""recfPAjeLOGLgwkew"",""recLwS6OO6f4BoiAu"",""recN4ld87nTqi48e3"",""recrkupzz8sJ3Z6X0"",""recrppGvZMXe94PgR"",""recv3fkDVwmTJJT5P"",""recZQWsrNNgR62Usx"",""rec1JJu86IufvpA5M"",""recdn3eTpWwfqqFdT"",""recDdGclLqqJO9kgS"",""recEAfyhXPUjB81gj"",""recIaLKOV9kb6jf77"",""recMcMvYrj3b2t2vi"",""recn37DRe1lpr7vbm"",""rec5GkM2uXwUm3Xva"",""rec6r9esC9wJABJSp"",""rec7sG74oAysSiHwk"",""rec7O27BFjLHhz7Dv"",""rec9wRGuqe3wgmvDS"",""recAMpnGkf2leRhJw"",""recBhHOYTIPIwUz2A"",""recLDaE52m5DSDUua"",""recPSYvjZP7QmlOsq"",""recYmjBmGv4EU7S8c"",""rec1jYPfmMEpMxuqi"",""rec1lHEvec212NdDY"",""rec2AdMuoZmFtmdDI"",""rec3DN9ReBvRdCtKb"",""recxyjq4cd5HyifpW"",""recQp0q0N3te117tD"",""recVibhu3LnYRAiJH""]",0.1,openai.gpt-4o,Archived,2025-02-03T17:42:41.000Z,"Christchurch: Resilient-Greater-Christchurch-Plan.pdf, Resilient-Greater-Christchurch-overview.pdf
Sydney: Cooling Sydney Strategy Final.pdf, Final Environmental Strategy 2021-2025.pdf, City of Sydney Resilience Strategy.PDF
Mumbai: Mumbai Climate Action Plan 2022.pdf
Chennai: CCAP_GCC_CSCL\_ENGLISH.pdf
Seoul: Update-Seoul-Resilience-Strategy-English.pdf
Dubai: National Climate Change Plan.pdf
Tokyo: Outline-of-Zero-Emission-Tokyo-Strategy.pdf, Outline-of-Tokyo-Adaptation-Policy.pdf
Semarang: Module 1 - Annexure D case study Semarang.pdf, 4_T2-2_Semarang.pdf, WP_CityResilience_Semarang\_0.pdf
Melbourne: climate-change-mitigation-strategy-2050.pdf
Penang: City-Scan-Penang-Malaysia-City-Resilience-Program.pdf
Surat: 3B07371E-EC6C-47C3-99ED-4A132B9D2772.pdf, case-study-improving-surat's-flood-resilience.pdf
Toyama: 7th-3r_ps2_p2.pdf, The-Development-Story-of-Toyama-Reshaping-Compact-and-Livable-Cities.pdf, Toyama-Resilience-Strategy-English.pdf, Development-Knowledge-of-Toyama-City.pdf, Toyama-City-the-Sustainable-Development-Goals-Report-Compact-City-Planning-based-on-Polycentric-Transport-Networks.pdf
Cần Thơ: Can-Tho-Resilience-Strategy-English.pdf
Kyoto: IGES_Kyoto+Scenario_Web.pdf, Kyoto-Resilience-Strategy-English.pdf
Sorry: bookletenglish\_202305ver.pdf, Plan+brochure.pdf
Bengaluru: BCAP\_Summary Report.pdf
Jakarta: Jakarta-Resilience-Strategy-English.pdf
Yangon: MyanmarClimateChangeStrategy_2019.pdf, f9eecc03-e7c4-468b-bc8a-15a37ca790e3_UN-SERRP_FINAL_Web\_Version.pdf
Bangkok: Bangkok-Resilience-Strategy-English.pdf
Wellington: Wellington-Resilience-Strategy-English.pdf, Wellington-Lifelines-PBC-MAIN-Combined-20191009.pdf
Pune: pune-resilience-strategy.pdf, ra_pune_report 20190819_web.pdf, roadmap_for_mainstreaming_nature_for_a_climate_resilient_pune_online.pdf
Karachi: 27915\_100286295karachicityclimatechangead.pdf
Da Nang: Da-Nang-Resilience-Strategy-English.pdf, Da+Nang+climate+action+plan\_0.pdf
Auckland: auckland-climate-plan.pdf
Melaka: Malaysiaresilientinitiativescasestudyofmelakaintoresilientcity.pdf
Singapore: climate-action-plan.pdf
Louisville: preparelouisvilleadaptationplandraftforpubliccommentpdf.pdf, Louisville-Resilience-Strategy-English.pdf
Pittsburgh: Pittsburgh-Resilience-Strategy-English.pdf, Pittsburgh_Climate_Action_Plan_3.0.pdf
Toronto: Climate Resilience Framework March 2019.pdf, toronto-resilience-strategy.pdf, 907c-Net-Zero-Existing-Buildings-Strategy-2021.pdf
Atlanta: Atlanta-Resilience-Strategy-English.pdf, atlanta-climate-action-plan-07-23-2015.pdf
St. Louis: Resilient-St-Louis_FINAL-PRINT.pdf, STL-Sustainability-Plan.pdf, STLouis-v1-1-CAP_FINAL.pdf
Los Angeles: Los-Angeles-Resilience-Strategy-English.pdf
Minneapolis: Climate Action Plan minneapolis.pdf
Philadelphia: Philadelphia-Climate-Action-Playbook.pdf
Calgary: Distrib-Revised Attach 1-C2022-0372.pdf, resiliencestrategybooklet.pdf
Boulder: Boulder-June_8_Study_Session_FINAL.pdf, Boulder-Resilience-Strategy-English.pdf
Tulsa: reslient-tulsa-digital-web.pdf, TULSA METROPOLITAN AREA CLIMATE POLLUTION REDUCTION GRANT PRIMARY CLIMATE ACTION PLAN.pdf
Houston: Resilient-Houston-20200518-double-page.pdf, Huston-CAP-April2020.pdf
Nashville: 2021-Report-Climate-Change-Mitigation-Action-Plan.pdf
Berkeley: Berkeley_Resilience_Strategy.pdf, Berkeley-Climate-Action-Plan.pdf
El Paso: City-of-El-Paso-Resilience-Strategy.pdf
Honolulu: Ola_Oahu_Resilience\_Strategy.pdf, 2020-2025+Climate+Action+Plan.pdf
Oakland: Oakland-Resilience-Strategy-English.pdf, Oakland-ECAP-07-24.pdf
Phoenix: Phoenix-2021ClimateActionPlanEnglish.pdf
Boston: city_of_boston_2019_climate_action_plan_update_4.pdf, resilient_boston_digital.pdf, FY21 Boston Climate Action Report\_2.pdf
Vancouver: vancouver-climate-change-adaptation-strategy-2024-25.pdf, resilient-vancouver-strategy.pdf
Portland: bps\_climateactionworkplan-final-web.pdf
Miami: miami-forever-climate-ready-2020-strategy.pdf, Resilient305\_final.pdf
New York City: New-York-City-Resilience-Strategy-English.pdf
Montréal: Montreal-climate_plan_2020_2030_vdm.pdf, montreal_2030_strategic_plan_vdm.pdf, Montreal-Resilience-Strategy-English.pdf
Chicago: Chicago-CAP-071822.pdf, Resilient Chicago.pdf
Austin: Climate Equity Plan Full Document\_\_FINAL.pdf
"
